receiver_pseudo,sender_pseudo,t_curr,dt,dist,speed_curr,dv,jerk,acc_curr,dacc,dtheta,heading_rate,rate_msgs_per_s,pos_conf_x_curr,pos_conf_y_curr,spd_conf_x_curr,spd_conf_y_curr,acc_conf_x_curr,acc_conf_y_curr,head_conf_x_curr,head_conf_y_curr,node_degree,avg_dist_neighbors,historical_trust,estimated_energy,label,attack_id
-1,1,16283.126670419,0.3333333333994233,11.417404779797494,1.5916632466101208,0.0208915232916009,0.0284665644584175,1.583812987383334,0.0094888548213538,0.0074357435723313,0.0223072307125711,0.0397153259897023,0.0,0.0,0.0,0.0,0.0,0.0,0.0,0.0,0.0,300.0,0.96,0.9998973472279218,1,16
-1,1,17644.2972628998,1.3333333332993789,1193.502730344398,1.043047237495054,-1.1119692356023505,-0.8251858878709696,1.0325248234040196,-1.1002478504666071,-1.0231397851542736,-0.7673548388852466,0.0397153259897023,0.0,0.0,0.0,0.0,0.0,0.0,0.0,0.0,0.0,300.0,0.8880000000000001,0.999790393579672,1,16
-1,1,17647.4639295664,3.1666666665987577,902.0273926032696,0.3715655045766597,-0.6714817329183942,-0.2090612593008371,0.3704975022988992,-0.6620273211051204,2.3646679244466258,0.7467372393149482,0.0397153259897023,0.0,0.0,0.0,0.0,0.0,0.0,0.0,0.0,0.0,300.0,0.8304000000000001,0.999684510459183,1,16
-1,1,17648.9639295664,1.5,962.5459101484508,1.0392431932322193,0.6676776886555595,0.4345307502998983,1.0222936277487469,0.6517961254498474,-0.1654811592072396,-0.1103207728048264,0.0397153259897023,0.0,0.0,0.0,0.0,0.0,0.0,0.0,0.0,0.0,300.0,0.7843200000000001,0.9995767161352338,1,16
-1,1,17667.4639295664,2.8333333333976043,12.132422911124412,1.4523382642442502,0.0099442288521856,0.0,1.4365703777669727,0.0,-0.0270263845089786,-0.009538723944129,0.0397153259897023,0.0,0.0,0.0,0.0,0.0,0.0,0.0,0.0,0.0,300.0,0.7874560000000002,0.9994561413431564,1,16
-1,1,17669.4639295664,2.0,0.6741195885672755,1.411753810622251,-0.0405844536219992,0.0,1.4365703777669727,0.0,0.004395186543467,0.0021975932717335,0.0397153259897023,0.0,0.0,0.0,0.0,0.0,0.0,0.0,0.0,0.0,300.0,0.7899648000000002,0.9993420238050502,1,16
-1,1,17671.9639295663,2.4999999999017746,12.473059831119118,1.4496646966859077,0.0379108860636567,0.0,1.4365703777669727,0.0,0.0068117154551949,0.002724686182185,0.0397153259897023,0.0,0.0,0.0,0.0,0.0,0.0,0.0,0.0,0.0,300.0,0.7919718400000003,0.9992239029963425,1,16
-1,1,17676.2972628997,4.333333333401242,12.462738370534224,1.4508454299486937,0.0011807332627857,0.0,1.4365703777669727,0.0,-0.0084934035891488,-0.0019600162128497,0.0397153259897023,0.0,0.0,0.0,0.0,0.0,0.0,0.0,0.0,0.0,300.0,0.7935774720000003,0.9990924680120264,1,16
-1,1,17682.2972628996,0.1666666665987577,13.055891408619138,1.460963752910582,0.0830734373583976,0.0,1.4365703777669727,0.0,0.0005388857212467,0.0032333143287977,0.0397153259897023,0.0,0.0,0.0,0.0,0.0,0.0,0.0,0.0,0.0,300.0,0.7548619776000003,0.9989912505422328,1,16
-1,1,17684.9639295663,2.666666666700621,12.315815806156412,1.4529406552647997,-0.0080230976457822,0.0,1.4365703777669727,0.0,-0.016741706250229,-0.0062781398437559,0.0397153259897023,0.0,0.0,0.0,0.0,0.0,0.0,0.0,0.0,0.0,300.0,0.7638895820800004,0.9988718780001624,1,16
-1,1,17701.7972628996,2.166666666700621,37.1678213584389,1.4132345482644948,-0.0318142470288245,0.0,1.4365703777669727,0.0,0.0024232389198068,0.0011184179629702,0.0397153259897023,0.0,0.0,0.0,0.0,0.0,0.0,0.0,0.0,0.0,300.0,0.7711116656640004,0.9987565679592224,1,16
-1,1,17702.1305962329,0.3333333332993788,12.787885178261304,1.4345825171867934,0.0213479689222986,0.0,1.4365703777669727,0.0,-0.0127549590291584,-0.0382648770913731,0.0397153259897023,0.0,0.0,0.0,0.0,0.0,0.0,0.0,0.0,0.0,300.0,0.7768893325312004,0.9986541769883608,1,16
-1,1,17703.9639295662,1.8333333332993789,5.417913412812286,1.42047913421016,-0.0141033829766334,0.0,1.4365703777669727,0.0,0.0011189473237536,0.0006103349038769,0.0397153259897023,0.0,0.0,0.0,0.0,0.0,0.0,0.0,0.0,0.0,300.0,0.7815114660249604,0.9985411559296308,1,16
-1,1,17704.7972628995,0.8333333333030168,13.461210431411956,1.4066780287790783,-0.0138011054310813,0.0,1.4365703777669727,0.0,0.0052448803143132,0.0062938563774048,0.0397153259897023,0.0,0.0,0.0,0.0,0.0,0.0,0.0,0.0,0.0,300.0,0.7852091728199684,0.9984352947711778,1,16
-1,1,17705.1305962329,0.3333333333976043,12.100978677689326,1.4135613547238837,0.0068833259448051,0.0,1.4365703777669727,0.0,0.009467736497009,0.0284032094855506,0.0397153259897023,0.0,0.0,0.0,0.0,0.0,0.0,0.0,0.0,0.0,300.0,0.7881673382559747,0.9983329388355862,1,16
-1,1,17706.2972628995,1.1666666666023957,13.499069939982276,1.471179962511956,0.0576186077880722,0.0,1.4365703777669727,0.0,-0.0069523456253901,-0.0059591533935198,0.0397153259897023,0.0,0.0,0.0,0.0,0.0,0.0,0.0,0.0,0.0,300.0,0.7905338706047799,0.998224356952472,1,16
-1,1,17706.4639295662,0.1666666666969831,5.061844297308856,1.393265231623548,-0.0779147308884078,0.0,1.4365703777669727,0.0,-0.0102012697207722,-0.0612076183135001,0.0397153259897023,0.0,0.0,0.0,0.0,0.0,0.0,0.0,0.0,0.0,300.0,0.7924270964838239,0.998123195898112,1,16
-1,1,17708.6305962329,2.166666666700621,13.69150555459855,1.428494459172717,0.0352292275491685,0.0,1.4365703777669727,0.0,0.0169245830189459,0.0078113460086218,0.0397153259897023,0.0,0.0,0.0,0.0,0.0,0.0,0.0,0.0,1.0,153.9902413784583,0.7939416771870592,0.9980077205414708,1,16
-1,1,17744.7972628994,1.3333333332993789,23.97776160027734,0.6252380234225006,-0.0178154638726999,0.0,0.6367941097060347,0.0,-0.0046819939917668,-0.0035114954939145,0.0397153259897023,0.0,0.0,0.0,0.0,0.0,0.0,0.0,0.0,0.0,300.0,0.7951533417496475,0.9979035522879812,1,16
-1,1,17754.1305962327,2.666666666696983,11.535778347834585,0.6378468958868574,-0.0011600883900841,0.0,0.6367941097060347,0.0,-0.0005967931236878,-0.0002237974213804,0.0397153259897023,0.0,0.0,0.0,0.0,0.0,0.0,0.0,0.0,0.0,300.0,0.7961226733997181,0.9977950476627028,1,16
-1,1,17761.6305962327,1.8333333333976043,368.5650683912686,0.241718651658799,-0.374379427134076,-0.2124441225602878,0.2473132183318528,-0.3894808913741818,-0.0708274406304916,-0.0386331494334592,0.0397153259897023,0.0,0.0,0.0,0.0,0.0,0.0,0.0,0.0,0.0,300.0,0.7568981387197745,0.997692831908396,1,16
-1,1,17761.7972628993,0.1666666666023957,38.4480396250653,0.2460670456429829,0.0043483939841839,0.0,0.2473132183318528,0.0,-0.0002690426616411,-0.0016142559704695,0.0397153259897023,0.0,0.0,0.0,0.0,0.0,0.0,0.0,0.0,0.0,300.0,0.7255185109758197,0.9975926268525246,1,16
-1,1,17764.7972628993,3.0,0.4804102615220217,0.2430210396803004,-0.0030460059626825,0.0,0.2473132183318528,0.0,0.0145869486118925,0.0048623162039641,0.0397153259897023,0.0,0.0,0.0,0.0,0.0,0.0,0.0,0.0,1.0,203.48991899211737,0.7804148087806557,0.9974889815369292,1,16
-1,1,17767.2972628993,2.5,41.85228651588797,2.262820236367235,2.019799196686934,0.8271492760248108,2.31518640839388,2.067873190062027,1.2305856728207392,0.4922342691282956,0.0397153259897023,0.0,0.0,0.0,0.0,0.0,0.0,0.0,0.0,1.0,170.5845058824805,0.7843318470245246,0.9973606962839748,1,16
-1,1,17793.9639295659,4.0,0.1637931203857965,0.0018129949963437,2.2233198786341963e-06,-3.963333567585936e-13,0.0018076327875531,-1.5853334270343744e-12,0.0233274979898125,0.0058318744974531,0.0397153259897023,0.0,0.0,0.0,0.0,0.0,0.0,0.0,0.0,1.0,17.92847021725066,0.7874654776196198,0.9972606600240748,1,16
-1,1,17794.4639295659,0.5,12.92801582507717,0.0018590735863326,4.60785899888301e-05,-3.2244085873545113e-13,0.0018076327873919,-1.6122042936772557e-13,-0.0065016965722519,-0.0130033931445039,0.0397153259897023,0.0,0.0,0.0,0.0,0.0,0.0,0.0,0.0,1.0,30.52535901839672,0.789972382095696,0.9971606553763908,1,16
-1,1,17794.9639295659,0.5,13.817248682272435,0.0018018066334214,-5.7266952911137845e-05,0.0,0.0018076327873919,0.0,0.0069515116628626,0.0139030233257253,0.0397153259897023,0.0,0.0,0.0,0.0,0.0,0.0,0.0,0.0,1.0,17.049210549845405,0.7919779056765569,0.9970606508718742,1,16
-1,1,17798.6305962325,3.6666666665987577,25.486319749236287,0.00174075122421,-6.105540921138154e-05,-8.061017525982216e-13,0.0018076327844362,-2.9557064261387378e-12,-0.007534514216493,-0.002054867513627,0.0397153259897023,0.0,0.0,0.0,0.0,0.0,0.0,0.0,0.0,1.0,42.523842070472114,0.7935823245412456,0.9969606189581018,1,16
-1,1,17834.6305962324,4.333333333401242,34.17968463320347,0.0570822591128427,-0.7866772307969623,-0.1807405216106494,0.0573239975913708,-0.7832089269917549,-0.0049351100734313,-0.0011388715553893,0.0397153259897023,0.0,0.0,0.0,0.0,0.0,0.0,0.0,0.0,0.0,300.0,0.7948658596329965,0.996859382175821,1,16
-1,1,18616.4056124126,3.0,0.5164992003627369,0.0250678731094463,0.0010177484127047,0.0,0.0247667367994282,0.0,-0.0075157035238317,-0.0025052345079439,0.0397153259897023,0.0,0.0,0.0,0.0,0.0,0.0,0.0,0.0,1.0,10.854531129825537,0.7958926877063973,0.9967590061577244,1,16
-1,1,20439.0217389723,1.5,27.75024531435248,2.4674688158043816,0.415700256060985,0.2207066557265866,2.388899903479631,0.33105998358988,-1.6731327283263149,-1.1154218188842098,0.0397153259897023,0.0,0.0,0.0,0.0,0.0,0.0,0.0,0.0,1.0,81.2240968085805,0.7967141501651179,0.996640500141606,1,16
-1,1,20929.2926167806,4.5,27.08462339382752,1.409555362716495,1.407109249820671,0.3133565172699195,1.41253491248475,1.410104327714638,1.2336363990853243,0.274141422018961,0.0397153259897023,0.0,0.0,0.0,0.0,0.0,0.0,0.0,0.0,0.0,300.0,0.7973713201320944,0.9965087851459448,1,16
-1,1,20958.7926167806,1.0,0.3797185299954669,4.505813424665603,0.0297789067463574,0.0,4.5011929053989865,0.0,0.0014324933843514,0.0014324933843514,0.0397153259897023,0.0,0.0,0.0,0.0,0.0,0.0,0.0,0.0,0.0,300.0,0.7978970561056756,0.9963862560788216,1,16
-1,1,21290.0019040428,0.3333333334012422,8.381989791921821,0.4324898040420825,-0.0109792727777464,0.0,0.4384301740034491,0.0,-0.0049044193860217,-0.0147132581550676,0.0397153259897023,0.0,0.0,0.0,0.0,0.0,0.0,0.0,0.0,3.0,106.70906304779176,0.7983176448845406,0.9962855352624812,1,16
-1,1,21294.6685707094,4.666666666598758,57.79579532355677,2.3312783239672035,1.8987885199251209,0.3934519670619421,2.2745393535991267,1.8361091795956777,0.0062939707349336,0.0013487080146482,0.0397153259897023,0.0,0.0,0.0,0.0,0.0,0.0,0.0,0.0,3.0,225.54095830680603,0.7986541159076326,0.996131138768256,1,16
-1,1,21356.8352373758,1.8333333332993789,9.047908181794222,1.8286072808350189,-0.0108807135935951,0.0,1.8365833781728087,0.0,-0.0067892510702813,-0.0037032278565857,0.0397153259897023,0.0,0.0,0.0,0.0,0.0,0.0,0.0,0.0,0.0,300.0,0.7989232927261062,0.9960143765348488,1,16
-1,1,21358.8352373758,2.0,0.0846222771398194,1.8429458973207804,0.0143386164857615,0.0,1.8365833781728087,0.0,0.0104430884476451,0.0052215442238225,0.0397153259897023,0.0,0.0,0.0,0.0,0.0,0.0,0.0,0.0,0.0,300.0,0.799138634180885,0.9958959470758756,1,16
-1,1,21396.668570709,1.6666666667006211,20.54509683509453,0.3691479942681299,0.0337155318194902,0.0224675190802196,0.3698857660386943,0.0374458651344623,0.0139986086140591,0.0083991651682643,0.0397153259897023,0.0,0.0,0.0,0.0,0.0,0.0,0.0,0.0,0.0,300.0,0.7993109073447081,0.9957928708425898,1,16
-1,1,21407.0019040423,1.0,6.052643177061198,4.497898698229154,-0.0066410931208338,1.3265808047613348e-05,4.500022600000687,1.3265808047613348e-05,-0.0113093689902896,-0.0113093689902896,0.0397153259897023,0.0,0.0,0.0,0.0,0.0,0.0,0.0,0.0,1.0,25.062159266676723,0.8394487258757666,0.9956703813490988,1,16
-1,1,21426.0019040422,4.333333333303017,10.671398655672796,4.519194244543323,0.0092074301143059,0.0004374060991704,4.501899761927554,0.0018954264297255,-0.029757834750332,-0.00686719263474,0.0397153259897023,0.0,0.0,0.0,0.0,0.0,0.0,0.0,0.0,0.0,300.0,0.8715589807006132,0.995472465473801,1,16
-1,1,21755.9425873295,2.0,0.5907630628338093,0.057954633066804,0.0001953423518367,0.0,0.0580757622195101,0.0,0.0235481108398953,0.0117740554199476,0.0397153259897023,0.0,0.0,0.0,0.0,0.0,0.0,0.0,0.0,0.0,300.0,0.8572471845604906,0.9953718859274704,1,16
-1,1,21756.9425873295,1.0,0.2649237702395832,0.0582100810573842,0.0002554479905801,0.0,0.0580757622195101,0.0,-0.0157917045953928,-0.0157917045953928,0.0397153259897023,0.0,0.0,0.0,0.0,0.0,0.0,0.0,0.0,0.0,300.0,0.8457977476483926,0.9952715948770652,1,16
-1,1,23435.7914993544,1.0,0.149535773334292,0.3844424558458657,-0.001710854476814,0.0,0.3854412489701045,0.0,-0.0029627825150546,-0.0029627825150546,0.0397153259897023,0.0,0.0,0.0,0.0,0.0,0.0,0.0,0.0,1.0,149.0218284386241,0.8766381981187141,0.9951696726647858,1,16
-1,1,23437.1248326877,1.3333333332993789,10.62456374117482,0.3914949714451679,0.0070525155993022,0.0,0.3854412489701045,0.0,-0.0012160584607587,-0.0009120438455923,0.0397153259897023,0.0,0.0,0.0,0.0,0.0,0.0,0.0,0.0,0.0,300.0,0.8613105584949714,0.9950670626983096,1,16
-1,1,23438.1248326877,1.0,0.8618253968734729,0.3968200106832538,0.0053250392380859,0.0,0.3854412489701045,0.0,0.0053399847935153,0.0053399847935153,0.0397153259897023,0.0,0.0,0.0,0.0,0.0,0.0,0.0,0.0,1.0,10.818143510984491,0.8490484467959772,0.9949650785982562,1,16
-1,1,23440.7914993543,2.666666666602396,11.119016316522682,0.3820140405311472,-0.0148059701521066,0.0,0.3854412489701045,0.0,-0.0076932330244359,-0.002884962384233,0.0397153259897023,0.0,0.0,0.0,0.0,0.0,0.0,0.0,0.0,3.0,49.99894313456969,0.8392387574367819,0.9948599850777158,1,16
-1,1,23587.521644566,3.0,43.4635346090373,1.528652067202107,-0.6769382057835622,-0.2248971759679867,1.5333773064103449,-0.6746915279039603,0.1801706844894619,0.0600568948298206,0.0397153259897023,0.0,0.0,0.0,0.0,0.0,0.0,0.0,0.0,0.0,300.0,0.8313910059494256,0.9947370552967078,1,16
-1,1,23802.3519916337,3.0,14.753539703432953,0.7863211803811124,-2.397864598703395,-0.7482224177041733,0.8254049534836293,-2.24466725311252,0.0145331329525975,0.0048443776508658,0.0397153259897023,0.0,0.0,0.0,0.0,0.0,0.0,0.0,0.0,1.0,6.40780893375036,0.8251128047595405,0.994625260479002,1,16
-1,1,23811.5186583004,2.8333333334012423,40.98216245368135,1.904819634922522,0.119590356743843,0.0169896634524035,1.8930685665275868,0.0481373797829638,-0.8109047112243211,-0.2862016627781948,0.0397153259897023,0.0,0.0,0.0,0.0,0.0,0.0,0.0,0.0,0.0,300.0,0.8200902438076325,0.9944982755341734,1,16
-1,1,23854.5186583002,5.0,0.0411980476862286,1.3993016163643477,-0.0299316624671808,0.0,1.4123011926016884,0.0,-0.0258743837340453,-0.005174876746809,0.0397153259897023,0.0,0.0,0.0,0.0,0.0,0.0,0.0,0.0,1.0,244.30422579456223,0.8160721950461061,0.9943632929937642,1,16
-1,1,23856.1853249668,1.6666666665987575,10.57844939191506,1.4245102867799055,0.025208670415558,0.0,1.4123011926016884,0.0,0.0272109612794082,0.0163265767683101,0.0397153259897023,0.0,0.0,0.0,0.0,0.0,0.0,0.0,0.0,0.0,300.0,0.8128577560368849,0.9942514220747084,1,16
-1,1,23858.0186583002,1.8333333334012425,216.4567270535323,0.9134138910855384,-0.5110963956943673,-0.2735490167149625,0.910794661939014,-0.5015065306626745,-2.1828592499973047,-1.1906504999544267,0.0397153259897023,0.0,0.0,0.0,0.0,0.0,0.0,0.0,0.0,0.0,300.0,0.7702862048295079,0.9941430491140396,1,16
-1,1,23880.3519916334,0.6666666667006211,9.74806490804738,1.0994966684474738,-0.0032131465320219,0.0,1.1032270385591827,0.0,0.0127774387966805,0.0191661581940447,0.0397153259897023,0.0,0.0,0.0,0.0,0.0,0.0,0.0,0.0,1.0,9.334442092382345,0.7762289638636064,0.9940393841251448,1,16
-1,1,23881.6853249667,1.3333333332993789,22.15683082347451,0.9356229256653744,-0.1638737427820995,-0.1269975604069785,0.9338969580208568,-0.1693300805383258,-0.0051461667904302,-0.0038596250929209,0.0397153259897023,0.0,0.0,0.0,0.0,0.0,0.0,0.0,0.0,1.0,30.174207736200167,0.7809831710908852,0.9939331466389738,1,16
-1,1,23882.3519916334,0.6666666667006211,10.358728289216694,0.9361690788118868,0.0005461531465124,0.0,0.9338969580208568,0.0,-0.0088187606479155,-0.0132281409711995,0.0397153259897023,0.0,0.0,0.0,0.0,0.0,0.0,0.0,0.0,1.0,39.76866936199215,0.7847865368727083,0.9938300260753776,1,16
-1,1,24097.6099927374,3.0,0.323963490050046,2.0759324558189154,0.0841012670903631,0.0,2.043323842914813,0.0,0.0075205286545227,0.0025068428848409,0.0397153259897023,0.0,0.0,0.0,0.0,0.0,0.0,0.0,0.0,0.0,300.0,0.7878292294981667,0.9936988870885402,1,16
-1,1,24098.1099927374,0.5,11.056912444062933,1.9757308369671085,-0.1002016188518071,0.0,2.043323842914813,0.0,0.0038892768425426,0.0077785536850853,0.0397153259897023,0.0,0.0,0.0,0.0,0.0,0.0,0.0,0.0,0.0,300.0,0.7902633835985334,0.9935939477614478,1,16
-1,1,24098.6099927374,0.5,10.368333666216806,2.075745805978667,0.1000149690115586,0.0,2.043323842914813,0.0,-0.0059545833744358,-0.0119091667488717,0.0397153259897023,0.0,0.0,0.0,0.0,0.0,0.0,0.0,0.0,0.0,300.0,0.7922107068788268,0.9934887583969328,1,16
-1,1,24229.8056500068,1.8333333333030168,17.56822356374368,1.7231435119947498,-0.8564628449331788,-0.480594069906975,1.71890874383943,-0.8810891281482176,-0.6519939726809101,-0.3556330760136499,0.0397153259897023,0.0,0.0,0.0,0.0,0.0,0.0,0.0,0.0,1.0,55.81008604585723,0.7937685655030615,0.99337296291474,1,16
-1,1,24241.8056500068,1.3333333334012425,13.089641372156754,1.8662745937362168,-0.264962285816203,-0.2254421251281918,1.8677673109113968,-0.300589500186232,0.6367741283707251,0.4775805962537198,0.0397153259897023,0.0,0.0,0.0,0.0,0.0,0.0,0.0,0.0,1.0,235.5028957772589,0.7950148524024493,0.9932605210841144,1,16
-1,1,24291.8056500066,4.0,0.4138887238546618,2.050247795362535,-0.0155902050710676,0.0,2.079558081236897,0.0,0.0043454362717785,0.0010863590679446,0.0397153259897023,0.0,0.0,0.0,0.0,0.0,0.0,0.0,0.0,0.0,300.0,0.7960118819219595,0.993119516128207,1,16
-1,1,24298.1389833399,0.6666666667006211,22.539292349539338,2.068832102991688,0.0229218000986062,0.0,2.079558081236897,0.0,-0.0007833089049831,-0.0011749633574148,0.0397153259897023,0.0,0.0,0.0,0.0,0.0,0.0,0.0,0.0,1.0,284.69153343417315,0.7968095055375677,0.9930126200211968,1,16
-1,1,24302.1389833399,4.0,0.1486720245043746,2.058501328278514,-0.0103307747131737,0.0,2.079558081236897,0.0,0.0006116193201881,0.000152904830047,0.0397153259897023,0.0,0.0,0.0,0.0,0.0,0.0,0.0,0.0,1.0,284.5694431451072,0.7974476044300542,0.9928714499946312,1,16
-1,1,24302.9723166732,0.8333333332993789,11.995013896088944,2.092668244620496,0.0341669163419817,0.0,2.079558081236897,0.0,-0.0026535166313359,-0.0031842199577328,0.0397153259897023,0.0,0.0,0.0,0.0,0.0,0.0,0.0,0.0,0.0,300.0,0.7979580835440435,0.9927627305436124,1,16
-1,1,24304.8056500065,1.8333333332993789,566.8178407250249,6.395220775057876e-05,-2.092604292412745,-1.1342702428951812,6.263596757858756e-05,-2.079495445269319,0.7685978634607666,0.4192351982590918,0.0397153259897023,0.0,0.0,0.0,0.0,0.0,0.0,0.0,0.0,0.0,300.0,0.7583664668352349,0.9926627299573838,1,16
-1,1,24307.4723166732,2.666666666700621,10.404710885084588,6.220327700596438e-05,-1.74893074461438e-06,0.0,6.263596757858756e-05,0.0,0.0052804706645703,0.0019801764991886,0.0397153259897023,0.0,0.0,0.0,0.0,0.0,0.0,0.0,0.0,0.0,300.0,0.766693173468188,0.9925627291280066,1,16
-1,1,24390.1246415269,2.3333333334012423,53.553210239366365,0.2002427956030213,-0.3180512818213565,-0.136152018359261,0.1931414769882563,-0.3176880428475217,0.0129548676497552,0.0055520861354478,0.0397153259897023,0.0,0.0,0.0,0.0,0.0,0.0,0.0,0.0,1.0,31.28090118281981,0.7733545387745505,0.992460392962058,1,16
-1,1,24447.7913081933,0.8333333332993789,20.02215245282053,0.4275325420828426,-3.344957644243222,-4.073293358035823,0.4197027644689995,-3.394411131558212,2.8704003606207813,3.444480432885284,0.0397153259897023,0.0,0.0,0.0,0.0,0.0,0.0,0.0,0.0,1.0,206.4834344325036,0.7786836310196404,0.992358611576466,1,16
-1,1,24725.1810052377,4.833333333401242,4.0704110790706896,0.4428852249010727,-0.0028920898457425,0.0,0.4428874607034668,0.0,0.007775592254537,0.001608743225054,0.0397153259897023,0.0,0.0,0.0,0.0,0.0,0.0,0.0,0.0,2.0,15.465736956733398,0.7829469048157124,0.992247908516864,1,16
-1,1,24901.164661361,1.1666666667006211,24.88899763229813,0.4723150231731506,0.2372650245942107,0.2080024278751867,0.4746429117705719,0.2426694991947805,-1.4878641459837072,-1.2753121250917754,0.0397153259897023,0.0,0.0,0.0,0.0,0.0,0.0,0.0,0.0,1.0,15.496565859415457,0.78635752385257,0.9921451533458956,1,16
-1,1,24903.8313280276,2.666666666602396,21.775837077591017,0.1344152651973582,-0.3378997579757924,-0.1277002918331336,0.1341088002237563,-0.3405341115468155,-0.0002962849152914,-0.0001111068432369,0.0397153259897023,0.0,0.0,0.0,0.0,0.0,0.0,0.0,0.0,1.0,137.660183417969,0.789086019082056,0.9920433611423596,1,16
-1,1,24904.164661361,0.3333333333976043,15.14258071985739,0.1342867628658063,-0.0001285023315519,0.0,0.1341088002237563,0.0,0.0025663833804761,0.0076991501399438,0.0397153259897023,0.0,0.0,0.0,0.0,0.0,0.0,0.0,0.0,1.0,150.3427110250804,0.7912688152656449,0.991943137331088,1,16
-1,1,24907.4979946943,3.333333333299379,29.131622268032743,1.3319103086730133,1.197623545807207,0.3573320413438929,1.3252156046912662,1.19110680446751,0.004329469208959,0.0012988407627009,0.0397153259897023,0.0,0.0,0.0,0.0,0.0,0.0,0.0,0.0,0.0,300.0,0.793015052212516,0.9918209388259438,1,16
-1,1,24908.4979946943,1.0,12.015652080862932,0.085537333474894,-1.2463729751981192,-1.2394631220466052,0.0857524826446609,-1.2394631220466052,-0.0051651570609889,-0.0051651570609889,0.0397153259897023,0.0,0.0,0.0,0.0,0.0,0.0,0.0,0.0,1.0,4.710329989131557,0.7944120417700129,0.9917205111392764,1,16
-1,1,24909.8313280276,1.3333333333030168,26.853812943495303,0.8151020537512228,0.7295647202763288,0.5362070117645141,0.8006951649810906,0.7149426823364297,1.5223648168117867,1.141773612634801,0.0397153259897023,0.0,0.0,0.0,0.0,0.0,0.0,0.0,0.0,1.0,27.219711751302853,0.7955296334160104,0.9916150771255848,1,16
-1,1,24921.4979946942,0.3333333332993788,7.903714869591756,0.1797877610379463,-0.009541349675642,0.0,0.1874515060984284,0.0,0.0009932842018329,0.0029798526058024,0.0397153259897023,0.0,0.0,0.0,0.0,0.0,0.0,0.0,0.0,1.0,41.1392643747707,0.7964237067328084,0.9915147774793164,1,16
-1,1,24921.8313280276,0.3333333334012422,0.264623075462232,1.3860569694082148,1.2062692083702684,3.688811143972798,1.4170552210065308,1.2296037149081025,-0.0055361963396558,-0.0166085890155839,0.0397153259897023,0.0,0.0,0.0,0.0,0.0,0.0,0.0,0.0,1.0,40.98918084731324,0.8371389653862467,0.991412467384367,1,16
-1,1,24926.8313280276,5.0,58.15210830677924,0.0885715341143366,-1.297485435293878,-0.265392894508736,0.0900907484628506,-1.3269644725436802,0.1432953140041273,0.0286590628008254,0.0397153259897023,0.0,0.0,0.0,0.0,0.0,0.0,0.0,0.0,3.0,187.3312059855241,0.8297111723089974,0.991310253096014,1,16
-1,1,25062.5992219587,2.333333333299379,12.571495217001212,0.3943910176947897,-0.0005469167051437,0.0,0.3925575325421929,0.0,-0.0131939377387069,-0.0056545447452423,0.0397153259897023,0.0,0.0,0.0,0.0,0.0,0.0,0.0,0.0,1.0,13.020234312285028,0.823768937847198,0.9912056518674744,1,16
-1,1,25065.5992219587,3.0,0.166828013976293,0.3896136500795616,-0.004777367615228,0.0,0.3925575325421929,0.0,-0.0076778055265274,-0.0025592685088424,0.0397153259897023,0.0,0.0,0.0,0.0,0.0,0.0,0.0,0.0,1.0,13.110431238760142,0.8190151502777584,0.9910998076627232,1,16
-1,1,25414.8860857298,4.166666666696983,307.24733904420776,0.7370167021693232,0.736975479391417,0.1767617749092651,0.7365488989200989,0.7365073954606303,-1.4718299964517776,-0.3532391991458564,0.0397153259897023,0.0,0.0,0.0,0.0,0.0,0.0,0.0,0.0,1.0,28.780482097371685,0.7752121202222068,0.9909844531480946,1,16
-1,1,25418.3860857297,3.4999999999017746,272.3911069329816,0.2018639234876389,-0.5351527786816843,-0.1529026741453056,0.2013895394265481,-0.5351593594935508,0.0021972336574145,0.0006277810449931,0.0397153259897023,0.0,0.0,0.0,0.0,0.0,0.0,0.0,0.0,2.0,80.58841241881608,0.7401696961777654,0.9908809205294336,1,16
-1,1,25447.0527523963,2.333333333299379,44.57792939172997,0.2717685797635369,-0.7535844127312443,-0.3239689382303579,0.2722038162386249,-0.7559275225265016,0.011341064847115,0.00486045636312,0.0397153259897023,0.0,0.0,0.0,0.0,0.0,0.0,0.0,0.0,4.0,237.452863254196,0.7521357569422124,0.9907777498960032,1,16
-1,1,25447.3860857296,0.3333333332993788,2.784547845466612,0.8312996079791629,0.5595310282156261,1.6830081230266392,0.8332065238570256,0.5610027076184008,-0.0029547593007874,-0.0088642779032653,0.0397153259897023,0.0,0.0,0.0,0.0,0.0,0.0,0.0,0.0,4.0,237.55271520926493,0.76170860555377,0.9906763643966566,1,16
-1,1,25451.3860857296,4.0,45.1227599041497,1.1963284921175934,0.3650288841384305,0.0791367033448772,1.1497533372365347,0.3165468133795091,1.6521348667760334,0.4130337166940083,0.0397153259897023,0.0,0.0,0.0,0.0,0.0,0.0,0.0,0.0,2.0,210.80851191529484,0.769366884443016,0.9905524378268142,1,16
-1,1,25483.5527523962,1.8333333334012425,4.266858579984492,1.5007618447539168,0.0180971086984702,0.0,1.4676870431095548,0.0,0.0025487102358603,0.001390205583145,0.0397153259897023,0.0,0.0,0.0,0.0,0.0,0.0,0.0,0.0,0.0,300.0,0.7754935075544129,0.9904386808432368,1,16
-1,1,25492.8860857294,1.1666666665987575,8.739007431981317,1.264848786857505,0.0918839046730464,0.0,1.2266770717461697,0.0,-0.022439177497874,-0.019233580713583,0.0397153259897023,0.0,0.0,0.0,0.0,0.0,0.0,0.0,0.0,2.0,269.04258312375856,0.7803948060435304,0.9903313025586472,1,16
-1,1,25493.0527523961,0.1666666667006211,24.568336272311907,1.223523534153469,-0.0413252527040357,0.0,1.2266770717461697,0.0,0.0168196426823485,0.1009178560735318,0.0397153259897023,0.0,0.0,0.0,0.0,0.0,0.0,0.0,0.0,1.0,234.1947835462093,0.7443158448348244,0.990230282955702,1,16
-1,1,25493.2194190628,0.1666666667006211,8.861181630548142,1.1809839919560607,-0.0425395421974081,0.0,1.2266770717461697,0.0,-0.0090545734071074,-0.0543274404315768,0.0397153259897023,0.0,0.0,0.0,0.0,0.0,0.0,0.0,0.0,1.0,233.25708795238955,0.7554526758678596,0.9901292988023752,1,16
-1,1,25494.7194190628,1.5,9.328526230470262,1.2292315315651057,0.0482475396090447,0.0,1.2266770717461697,0.0,-0.008023439954051,-0.0053489599693673,0.0397153259897023,0.0,0.0,0.0,0.0,0.0,0.0,0.0,0.0,1.0,239.93955107111825,0.7643621406942878,0.9900200795658884,1,16
-1,1,25502.3860857294,0.5,16.670373524822164,1.1997729632223832,-0.0581271723111935,0.0,1.2266770717461697,0.0,-0.0044087174165592,-0.0088174348331184,0.0397153259897023,0.0,0.0,0.0,0.0,0.0,0.0,0.0,0.0,3.0,196.38947687642403,0.7714897125554303,0.9899170801334805,1,16
-1,1,25511.2194190627,2.0,33.27626098495059,1.3726253546130558,1.358261402562183,0.6810306835473142,1.3763491946712003,1.3620613670946284,0.8248555310433909,0.4124277655216954,0.0397153259897023,0.0,0.0,0.0,0.0,0.0,0.0,0.0,0.0,1.0,267.0903833404936,0.7771917700443444,0.989803353879934,1,16
-1,1,25514.3860857294,3.166666666696983,3.7061824377680246,1.318978314488951,-0.0536470401241047,0.0,1.3763491946712003,0.0,0.0033609304703938,0.0010613464643247,0.0397153259897023,0.0,0.0,0.0,0.0,0.0,0.0,0.0,0.0,2.0,277.12155328432107,0.8217534160354756,0.9896824700566212,1,16
-1,1,25516.8860857294,2.5,16.610925086675056,1.382832802726757,0.0638544882378056,0.0,1.3763491946712003,0.0,-0.0032706488234448,-0.0013082595293779,0.0397153259897023,0.0,0.0,0.0,0.0,0.0,0.0,0.0,0.0,3.0,229.70290810184343,0.8174027328283805,0.9895651846465872,1,16
-1,1,25525.052752396,0.3333333332993788,17.16884635650831,0.0143410156715325,4.691564599507668e-05,0.0,0.0142878275765719,0.0,0.0020687501327838,0.0062062503989837,0.0397153259897023,0.0,0.0,0.0,0.0,0.0,0.0,0.0,0.0,4.0,259.6132284485507,0.8139221862627045,0.9894651607448944,1,16
-1,1,25525.2194190627,0.1666666667006211,8.895389372338773,0.0142797212348621,-6.12944366703335e-05,0.0,0.0142878275765719,0.0,0.004867278415146,0.0292036704849264,0.0397153259897023,0.0,0.0,0.0,0.0,0.0,0.0,0.0,0.0,4.0,252.0249394229436,0.8111377490101637,0.9893651488451266,1,16
-1,1,25529.7194190626,4.499999999898137,9.526403176055208,0.0143491721927653,6.945095790319121e-05,0.0,0.0142878275765719,0.0,-0.0106567366471979,-0.0023681636994309,0.0397153259897023,0.0,0.0,0.0,0.0,0.0,0.0,0.0,0.0,1.0,251.56444104000664,0.808910199208131,0.9892648259887524,1,16
-1,1,25541.9020181654,2.666666666602396,44.78984136088616,4.379637755755141,3.177884636550016,1.2306809284359408,4.499999566241455,3.281815809083412,-0.1023709033828526,-0.0383890887694949,0.0397153259897023,0.0,0.0,0.0,0.0,0.0,0.0,0.0,0.0,2.0,203.6249665770166,0.8071281593665048,0.989106430818677,1,16
-1,1,25542.8860857292,0.984067563796998,347.36084385440284,0.039157437559667,-4.340480318195474,-4.53453925406482,0.0377065695520309,-4.462292996689424,-0.2854447199072609,-0.2900661808279507,0.0397153259897023,0.0,0.0,0.0,0.0,0.0,0.0,0.0,0.0,0.0,300.0,0.7657025274932039,0.989006238150856,1,16
-1,1,25544.8860857292,2.0,0.0866225311621123,0.0380185404187123,-0.0011388971409546,0.0,0.0377065695520309,0.0,-0.0016079521566103,-0.0008039760783051,0.0397153259897023,0.0,0.0,0.0,0.0,0.0,0.0,0.0,0.0,0.0,300.0,0.8125620219945631,0.9889058579654518,1,16
-1,1,25545.8860857292,1.0,0.3844732343134857,0.0383770561992022,0.0003585157804898,0.0,0.0377065695520309,0.0,0.0019536043712942,0.0019536043712942,0.0397153259897023,0.0,0.0,0.0,0.0,0.0,0.0,0.0,0.0,0.0,300.0,0.8100496175956505,0.9888056660801708,1,16
-1,1,25545.9020181654,0.015932436203002,327.6282052833186,0.2412921077605145,0.2029150515613123,12.710497389671657,0.240215758321398,0.202509188769367,0.3384153564164696,21.24065347600169,0.0397153259897023,0.0,0.0,0.0,0.0,0.0,0.0,0.0,0.0,3.0,119.62994497557396,0.7280396940765206,0.9887056468583152,1,16
-1,1,25547.5686848321,1.6666666666969832,30.70715999190346,0.4720676499985714,0.2307755422380568,0.1383028999651053,0.4707205916007664,0.2305048332793683,-0.0984422860515987,-0.0590653716298848,0.0397153259897023,0.0,0.0,0.0,0.0,0.0,0.0,0.0,0.0,1.0,35.81350926185547,0.7424317552612165,0.988601712961232,1,16
-1,1,25547.9020181654,0.3333333333030168,10.317673692172267,0.4708898729376325,-0.0011777770609389,0.0,0.4707205916007664,0.0,-0.0020980768170462,-0.006294230451711,0.0397153259897023,0.0,0.0,0.0,0.0,0.0,0.0,0.0,0.0,1.0,26.36055397952133,0.7539454042089733,0.9885009281447772,1,16
-1,1,25551.2353514987,3.333333333299379,23.33710854846374,3.161431875215321,2.6905420022776885,0.7971135205468131,3.1277656600630777,2.6570450684623115,-0.5772859345145429,-0.173185780356127,0.0397153259897023,0.0,0.0,0.0,0.0,0.0,0.0,0.0,0.0,1.0,292.6227410321496,0.7631563233671786,0.988348237613524,1,16
-1,1,25551.9020181654,0.6666666667006211,17.871028829918448,2.8303874733119865,-0.3310444019033345,-0.4554741764449215,2.824116209084332,-0.3036494509787464,0.0033774238187076,0.0050661357278034,0.0397153259897023,0.0,0.0,0.0,0.0,0.0,0.0,0.0,0.0,0.0,300.0,0.770525058693743,0.9882388029886124,1,16
-1,1,25567.068684832,3.166666666700621,39.51729076315429,0.7350678749192714,0.4501524709119109,0.1465596415498719,0.7390163837602871,0.4641055315795706,-0.5013547376357601,-0.1583225487253845,0.0397153259897023,0.0,0.0,0.0,0.0,0.0,0.0,0.0,0.0,1.0,212.80476696871025,0.7764200469549944,0.988127164413926,1,16
-1,1,25589.8860857291,2.0,33.19326591732814,1.6133063278270952,-0.4673259717877289,-0.2057312256785327,1.635453609590176,-0.4114624513570655,-2.3654402166452204,-1.1827201083226102,0.0397153259897023,0.0,0.0,0.0,0.0,0.0,0.0,0.0,0.0,2.0,131.09226950437747,0.7811360375639956,0.988011031350648,1,16
-1,1,25592.2353514986,2.349265769498743,482.5024990152673,2.642102976305811,1.0287966484787157,0.410284297826804,2.599320466237514,0.963866856647338,-1.0945048679842282,-0.4658923150349907,0.0397153259897023,0.0,0.0,0.0,0.0,0.0,0.0,0.0,0.0,1.0,276.3211480770811,0.7449088300511966,0.9878799963402392,1,16
-1,1,25608.386085729,1.8333333332993789,182.88396543186616,1.8168790429899613,0.0826819691568625,0.0521143044772961,1.822711696839383,0.0955428915399401,0.3748480253417634,0.2044625592811123,0.0397153259897023,0.0,0.0,0.0,0.0,0.0,0.0,0.0,0.0,0.0,300.0,0.7159270640409573,0.9877633416156788,1,16
-1,1,25609.5527523956,1.1666666666023957,9.99002033487545,1.8409357481396849,0.0240567051497233,0.0,1.822711696839383,0.0,-0.0029903985442514,-0.0025631987523567,0.0397153259897023,0.0,0.0,0.0,0.0,0.0,0.0,0.0,0.0,0.0,300.0,0.7327416512327659,0.9876526028238152,1,16
-1,1,25614.2194190623,4.666666666700621,9.678886461405884,1.8271541809898784,-0.013781567149806,0.0,1.822711696839383,0.0,0.0011623613796323,0.0002490774384908,0.0397153259897023,0.0,0.0,0.0,0.0,0.0,0.0,0.0,0.0,1.0,201.0499179908265,0.7861933209862129,0.9875099692262586,1,16
-1,1,25614.5527523956,0.3333333332993788,9.4459363563406,1.81417730111744,-0.0129768798724392,0.0,1.822711696839383,0.0,-0.0008537465529183,-0.0025612396590159,0.0397153259897023,0.0,0.0,0.0,0.0,0.0,0.0,0.0,0.0,1.0,201.84755890697684,0.7889546567889704,0.9874069455974236,1,16
-1,1,25617.8860857289,3.333333333299379,9.806339876593428,1.844574410832124,0.0303971097146844,0.0,1.822711696839383,0.0,0.005816152733205,0.0017448458199792,0.0397153259897023,0.0,0.0,0.0,0.0,0.0,0.0,0.0,0.0,0.0,300.0,0.7911637254311764,0.9872762026905768,1,16
-1,1,25618.0527523956,0.1666666667006211,28.93440863908405,1.8051581971531183,-0.0394162136790054,0.0,1.822711696839383,0.0,-0.0006273533865241,-0.0037641203183783,0.0397153259897023,0.0,0.0,0.0,0.0,0.0,0.0,0.0,0.0,0.0,300.0,0.7529309803449412,0.9871746983920788,1,16
-1,1,25625.8860857289,2.333333333299379,185.68366080613188,2.403799065223725,0.6595764135374218,0.2598056824948088,2.428924955985116,0.6062132591457323,-0.0173115818765783,-0.0074192493757843,0.0397153259897023,0.0,0.0,0.0,0.0,0.0,0.0,0.0,0.0,1.0,19.99972331239632,0.7223447842759531,0.9870466540696516,1,16
-1,1,25626.7194190622,0.8333333332993789,18.423710100454223,2.095881954935006,-0.3079171102887188,-0.4109834576785459,2.0864387412669485,-0.3424862147181668,-0.5596597034693422,-0.6715916441905749,0.0397153259897023,0.0,0.0,0.0,0.0,0.0,0.0,0.0,0.0,1.0,37.87435888350738,0.7378758274207625,0.986937921228173,1,16
-1,1,25627.9020181651,1.1825991028999852,709.9586601402286,0.8344289739172513,-1.2614529810177548,-1.0622965885260516,0.8301677486623255,-1.2562709926046232,-2.6268664258478296,-2.221265363220886,0.0397153259897023,0.0,0.0,0.0,0.0,0.0,0.0,0.0,0.0,2.0,192.1513768002645,0.71030066193661,0.9868329872533932,1,16
-1,1,25717.7890551558,5.0,64.50722473150174,0.9254454685431672,-0.9216599115839488,-0.1716299702901914,0.931004300702884,-0.8581498514509571,-2.8066348986731136,-0.5613269797346228,0.0397153259897023,0.0,0.0,0.0,0.0,0.0,0.0,0.0,0.0,1.0,23.035032051701585,0.7282405295492881,0.9867098511166796,1,16
-1,1,25945.0130780349,3.5,14.013961953260512,0.0009346110538375,3.195325454612912e-06,-1.0909644963213212e-14,0.0009228850150693,-3.818375737124624e-14,0.0013673782856962,0.0003906795101989,0.0397153259897023,0.0,0.0,0.0,0.0,0.0,0.0,0.0,0.0,2.0,172.68712960904523,0.7425924236394306,0.9866098347609862,1,16
-1,1,26254.7442692139,2.0,29.94654387760221,0.4341889106700095,0.0972511434943359,0.0482122347631973,0.4351452097866514,0.0964244695263947,0.0068426685175908,0.0034213342587954,0.0397153259897023,0.0,0.0,0.0,0.0,0.0,0.0,0.0,0.0,1.0,37.63323505722081,0.7540739389115445,0.9865054928718796,1,16
-1,1,26395.6227031168,2.5,20.23130297050492,1.0955445340394436,0.5642733659506008,0.2220641573647709,1.0893442155829056,0.5551603934119274,-0.0115860358941648,-0.0046344143576659,0.0397153259897023,0.0,0.0,0.0,0.0,0.0,0.0,0.0,0.0,2.0,238.56852014129464,0.7632591511292357,0.986391798565204,1,16
-1,1,26632.0569331025,3.3333333334012423,10.717887091599628,2.715870528914651e-06,-6.576881268719721e-08,0.0,2.7687149099529045e-06,0.0,0.0019083939891322,0.000572518196728,0.0397153259897023,0.0,0.0,0.0,0.0,0.0,0.0,0.0,0.0,2.0,50.84148081626188,0.7706073209033887,0.9862917985199394,1,16
-1,1,26635.3902664358,3.333333333299379,20.879062339922417,2.731813735598939e-06,1.59432066842878e-08,0.0,2.7687149099529045e-06,0.0,-0.0004626189949541,-0.0001387856984876,0.0397153259897023,0.0,0.0,0.0,0.0,0.0,0.0,0.0,0.0,0.0,300.0,0.776485856722711,0.9861917984744092,1,16
-1,1,26637.0569331024,1.6666666666023957,21.062986457971967,2.821582839071312e-06,8.976910347237315e-08,0.0,2.7687149099529045e-06,0.0,-0.0014950112489904,-0.0008970067494288,0.0397153259897023,0.0,0.0,0.0,0.0,0.0,0.0,0.0,0.0,0.0,300.0,0.7811886853781689,0.986091798450896,1,16
-1,1,26656.0569331024,5.0,62.59466467821948,0.2224364913946822,-0.2519715541694881,-0.0505024273848974,0.2222822644176556,-0.2525121369244871,-0.0101826982778332,-0.0020365396555666,0.0397153259897023,0.0,0.0,0.0,0.0,0.0,0.0,0.0,0.0,3.0,125.59238167312196,0.7849509483025352,0.9859862375386113,1,16
-1,1,26656.3902664357,0.3333333332993788,21.946624659293107,0.2220913610784198,-0.0003451303162624,0.0,0.2222822644176556,0.0,0.0035366324501344,0.0106098973514841,0.0397153259897023,0.0,0.0,0.0,0.0,0.0,0.0,0.0,0.0,3.0,146.0658855071466,0.7479607586420282,0.9858858673863428,1,16
-1,1,26660.3902664357,4.0,50.48119465612609,0.4777624332150603,0.2556710721366405,0.0630995808716162,0.4746805879041207,0.2523983234864651,0.002888214828447,0.0007220537071117,0.0397153259897023,0.0,0.0,0.0,0.0,0.0,0.0,0.0,0.0,0.0,300.0,0.7583686069136226,0.9857763121376784,1,16
-1,1,26664.3902664357,4.0,49.79261661920049,0.1228099613018103,-0.3549524719132499,-0.0877582006655235,0.1236477852420265,-0.3510328026620942,0.0072585858369063,0.0018146464592265,0.0397153259897023,0.0,0.0,0.0,0.0,0.0,0.0,0.0,0.0,1.0,14.57425282963712,0.7666948855308982,0.9856738559384524,1,16
-1,1,26668.723599769,4.333333333299379,39.27188684199335,1.0080454824184175,0.8852355211166072,0.205605777072723,1.0146061525501784,0.8909583673081518,-0.0088901475209102,-0.0020515725048415,0.0397153259897023,0.0,0.0,0.0,0.0,0.0,0.0,0.0,0.0,1.0,232.5692883547876,0.7733559084247186,0.9855520149530002,1,16
-1,1,26669.723599769,1.0,12.66191465744629,0.9957604215632728,-0.0122850608551446,-0.0129344540666782,1.0016716984835,-0.0129344540666782,0.0017695934832424,0.0017695934832424,0.0397153259897023,0.0,0.0,0.0,0.0,0.0,0.0,0.0,0.0,1.0,225.89868615542173,0.778684726739775,0.9854470361508924,1,16
-1,1,27082.7660080813,3.6666666665987577,62.45401490032263,0.0304022953952571,-0.3586545884439714,-0.1009145773814175,0.0307740903507731,-0.3700201170583446,0.2022315225193685,0.0551540515972128,0.0397153259897023,0.0,0.0,0.0,0.0,0.0,0.0,0.0,0.0,2.0,89.23311914076302,0.7829477813918201,0.9853464787754768,1,16
-1,1,27084.0993414146,1.3333333332993789,1.879120458097078,0.4524321057569979,0.4220298103617407,0.3157620743112393,0.4517901894217041,0.4210160990709309,-0.0053432204420316,-0.0040074153316257,0.0397153259897023,0.0,0.0,0.0,0.0,0.0,0.0,0.0,0.0,2.0,87.68033775025319,0.7863582251134561,0.9852434625614384,1,16
-1,1,27086.0993414146,2.0,26.06235161273137,0.700985729416543,0.2485536236595451,0.1380614000782392,0.7279129895781826,0.2761228001564785,0.0089695885646423,0.0044847942823211,0.0397153259897023,0.0,0.0,0.0,0.0,0.0,0.0,0.0,0.0,2.0,77.12652611819549,0.7890865800907649,0.9851364527041444,1,16
-1,1,27108.4326747479,2.0,26.60687770591956,1.2426100899899144,0.8901840298351595,0.4576809468278258,1.2803494653465763,0.9153618936556516,-0.0683184682643189,-0.0341592341321594,0.0397153259897023,0.0,0.0,0.0,0.0,0.0,0.0,0.0,0.0,3.0,114.39138374101952,0.791269264072612,0.9850240266032444,1,16
-1,1,27110.0993414145,1.6666666666023957,10.98435956738146,0.0566564083908067,-1.1859536815991076,-0.7334501228711717,0.0579325939417629,-1.2224168714048134,0.0061889736700497,0.003713384202173,0.0397153259897023,0.0,0.0,0.0,0.0,0.0,0.0,0.0,0.0,2.0,65.95791771016648,0.7930154112580897,0.9849235544665078,1,16
-1,1,27110.4326747479,0.3333333333976043,34.92266961269194,0.2882466309395666,0.2315902225487599,0.691940828374527,0.2885795367777436,0.2306469428359807,0.0009430940281713,0.0028292820839686,0.0397153259897023,0.0,0.0,0.0,0.0,0.0,0.0,0.0,0.0,3.0,152.8003010109749,0.7544123290064718,0.984823074055456,1,16
-1,1,27114.4326747479,4.0,50.19386105563222,0.3143285142743096,0.0260818833347429,0.0041819958204025,0.3053075200593538,0.0167279832816101,0.3082043101993834,0.0770510775498458,0.0397153259897023,0.0,0.0,0.0,0.0,0.0,0.0,0.0,0.0,1.0,256.0902281916009,0.7635298632051776,0.9847167874851708,1,16
-1,1,27132.0993414145,3.0,20.15402888994623,3.210837748004501,1.2511285144464366,0.4109689775171381,3.2210240627549167,1.2329069325514144,0.0199130533319604,0.0066376844439868,0.0397153259897023,0.0,0.0,0.0,0.0,0.0,0.0,0.0,0.0,4.0,60.50559190341384,0.7708238905641421,0.9845686249189506,1,16
-1,1,27133.4326747478,1.3333333332993789,32.9555836264175,1.94690750841994,-1.2639302395845613,-0.9307720644821932,1.9799946434769296,-1.241029419277987,0.0325060853156089,0.0243795639873275,0.0397153259897023,0.0,0.0,0.0,0.0,0.0,0.0,0.0,0.0,3.0,81.1658474021699,0.7766591124513138,0.9844556455355616,1,16
-1,1,27134.9326747478,1.5,17.159136241992012,1.6596482795273864,-0.2872592288925535,-0.231089716650685,1.6333600685009022,-0.3466345749760275,1.0226156323371711,0.6817437548914475,0.0397153259897023,0.0,0.0,0.0,0.0,0.0,0.0,0.0,0.0,2.0,185.4406494452828,0.7813272899610512,0.984343198173465,1,16
-1,1,27145.9326747477,4.0,63.67155928061128,0.0093605261620384,-0.409051067233424,-0.1066278078412885,0.0092643518449037,-0.4265112313651541,1.1495961347651358,0.2873990336912839,0.0397153259897023,0.0,0.0,0.0,0.0,0.0,0.0,0.0,0.0,3.0,229.4464119119443,0.785061831968841,0.9842430109629418,1,16
-1,1,27180.2660080809,4.0,56.18366564952682,0.2872614124852756,-0.6399091883551826,-0.1604943896313893,0.2809921570223831,-0.6419775585255573,0.0043625765516996,0.0010906441379249,0.0397153259897023,0.0,0.0,0.0,0.0,0.0,0.0,0.0,0.0,1.0,3.169265557262233,0.7880494655750729,0.984137265734692,1,16
-1,1,27184.4326747476,4.166666666700621,224.67303447473705,1.7756620242702092,1.4884006117849335,0.3747975473297598,1.8426486042424413,1.5616564472200585,2.360825269441415,0.5665980646613223,0.0397153259897023,0.0,0.0,0.0,0.0,0.0,0.0,0.0,0.0,2.0,255.67731544465687,0.7904395724600585,0.9840002727758528,1,16
-1,1,27185.2660080809,0.8333333332993789,12.0782853089751,1.7653269415938004,-0.0103350826764088,0.0,1.8426486042424413,0.0,0.0036807587050633,0.0044169104462559,0.0397153259897023,0.0,0.0,0.0,0.0,0.0,0.0,0.0,0.0,3.0,242.5920934257156,0.7923516579680469,0.9838929172469298,1,16
-1,1,27189.5993414142,4.333333333299379,11.1784406060031,1.816131163631844,0.0508042220380433,0.0,1.8426486042424413,0.0,0.0098246606808678,0.0022672293879103,0.0397153259897023,0.0,0.0,0.0,0.0,0.0,0.0,0.0,0.0,2.0,247.97923123457025,0.8338813263744376,0.9837535677383848,1,16
-1,1,27193.4326747475,3.833333333299379,3.0674875723162103,1.903841331406541,0.0877101677746972,0.0,1.8426486042424413,0.0,0.0028329591486846,0.0007390328214025,0.0397153259897023,0.0,0.0,0.0,0.0,0.0,0.0,0.0,0.0,1.0,226.0044632027336,0.8271050610995502,0.9836170774461998,1,16
-1,1,27196.4326747475,3.0,218.68308429240167,0.4324049599062029,-1.471436371500338,-0.4714693036744837,0.4282406932189902,-1.414407911023451,0.8099140543989511,0.269971351466317,0.0397153259897023,0.0,0.0,0.0,0.0,0.0,0.0,0.0,0.0,1.0,285.1347224249584,0.7816840488796402,0.9835105913718012,1,16
-1,1,27205.2660080808,1.746409948598739,1226.8003926844522,1.4283083174488604,0.6525867197132148,0.369386732988483,1.428690326023898,0.6451006653714727,0.4211305799522074,0.2411407357648806,0.0397153259897023,0.0,0.0,0.0,0.0,0.0,0.0,0.0,0.0,1.0,268.7635225403174,0.7453472391037121,0.9833981193125249,1,16
-1,1,27206.0993414142,0.8333333334012423,34.34025997148479,1.4131088975529291,-0.015199419895931,0.0,1.428690326023898,0.0,-0.0054759714087375,-0.0065711656899495,0.0397153259897023,0.0,0.0,0.0,0.0,0.0,0.0,0.0,0.0,1.0,258.6151763644672,0.7562777912829698,0.9832922313587846,1,16
-1,1,27207.4326747475,1.3333333332993789,22.75973818657021,1.4323499527853143,0.0192410552323849,0.0,1.428690326023898,0.0,0.0009212866217267,0.0006909649663126,0.0397153259897023,0.0,0.0,0.0,0.0,0.0,0.0,0.0,0.0,0.0,300.0,0.765022233026376,0.9831826823590996,1,16
-1,1,27208.5993414142,1.1666666667006211,3.0797189385622987,1.4100814978920455,-0.0222684548932685,0.0,1.428690326023898,0.0,-0.0027517605992462,-0.0023586519421423,0.0397153259897023,0.0,0.0,0.0,0.0,0.0,0.0,0.0,0.0,1.0,269.32607459812147,0.7720177864211009,0.983074456883695,1,16
-1,1,27209.7660080808,1.1666666665987575,11.133438422174066,1.4170717479599062,0.0069902500678604,0.0,1.428690326023898,0.0,0.0086120349010752,0.0073817442013512,0.0397153259897023,0.0,0.0,0.0,0.0,0.0,0.0,0.0,0.0,1.0,274.6793669042076,0.7776142291368807,0.9829661906318324,1,16
-1,1,27209.8529314655,0.0869233847006398,1041.195544520288,0.0900618140470818,-1.3270099339128243,-15.401910687622284,0.0899041181988093,-1.3387862078250887,2.2887901453626087,26.33112082836048,0.0397153259897023,0.0,0.0,0.0,0.0,0.0,0.0,0.0,0.0,0.0,300.0,0.7020913833095046,0.982866151489444,1,16
-1,1,27209.9326747475,0.0797432819999812,1043.3174763002974,1.4482511324819918,1.35818931843491,16.78870212321338,1.428690326023898,1.3387862078250887,-2.2918594486265795,-28.74047055935217,0.0397153259897023,0.0,0.0,0.0,0.0,0.0,0.0,0.0,0.0,1.0,276.8542375245876,0.6416731066476038,0.9827655740479516,1,16
-1,1,27213.1862647989,3.253590051401261,1338.4738927267897,1.3401274035321884,-0.1081237289498033,-0.0218371063096825,1.3576413341833231,-0.0710489918405747,0.1023392903447137,0.0314542670489904,0.0397153259897023,0.0,0.0,0.0,0.0,0.0,0.0,0.0,0.0,1.0,46.1594497400496,0.633338485318083,0.9826437729220128,1,16
-1,1,27234.8529314654,3.7535900512993976,843.8713751513191,0.1753804349185798,-1.2740007009422296,-0.3321913895247182,0.1817800311765929,-1.2469102948473052,-0.8065275506932963,-0.2148683099834242,0.0397153259897023,0.0,0.0,0.0,0.0,0.0,0.0,0.0,0.0,2.0,139.90631681441354,0.6266707882544664,0.9825404813907342,1,16
-1,1,27236.7660080807,1.91307661529936,851.678327901921,1.4408005456629045,1.2654201107443246,0.6517827278193913,1.428690326023898,1.2469102948473052,0.8041119809442399,0.4203239820682308,0.0397153259897023,0.0,0.0,0.0,0.0,0.0,0.0,0.0,0.0,2.0,278.7511036722175,0.6213366306035731,0.982426699581578,1,16
-1,1,27238.099341414,1.3333333332993789,143.56414453808696,0.0320574816525973,-1.408743064010307,-1.0475813371215468,0.0319152098974057,-1.3967751161264923,-2.53274715633507,-1.8995603672996764,0.0397153259897023,0.0,0.0,0.0,0.0,0.0,0.0,0.0,0.0,0.0,300.0,0.6170693044828586,0.9823264858650338,1,16
-1,1,27239.099341414,1.0,145.91033328427127,1.4408579995764978,1.4088005179239005,1.3967751161264923,1.428690326023898,1.3967751161264923,2.5331007156966088,2.5331007156966088,0.0397153259897023,0.0,0.0,0.0,0.0,0.0,0.0,0.0,0.0,3.0,274.3565280396419,0.6136554435862869,0.982219281575036,1,16
-1,1,27239.4326747474,0.3333333334012422,21.723723336513928,1.4191728941805504,-0.0216851053959474,0.0,1.428690326023898,0.0,-0.0068279409050657,-0.0204838227110242,0.0397153259897023,0.0,0.0,0.0,0.0,0.0,0.0,0.0,0.0,2.0,289.09726187219763,0.6109243548690295,0.9821169162868786,1,16
-1,1,27239.9326747474,0.5,11.701616634230936,1.404636731389454,-0.0145361627910964,0.0,1.428690326023898,0.0,0.0081911086542021,0.0163822173084042,0.0397153259897023,0.0,0.0,0.0,0.0,0.0,0.0,0.0,0.0,3.0,283.3895355795253,0.6487394838952236,0.98201340469505,1,16
-1,1,27242.099341414,2.1666666665987577,11.560077934399905,1.4519344744417322,0.0472977430522782,0.0,1.428690326023898,0.0,-0.0094728010351725,-0.0043720620163705,0.0397153259897023,0.0,0.0,0.0,0.0,0.0,0.0,0.0,0.0,2.0,238.6692994091244,0.6789915871161789,0.9818976754049108,1,16
-1,1,27243.3529314654,1.253590051401261,780.2120736678687,0.6459723459419389,-0.8059621284997933,-0.6256528135471481,0.6443781833299852,-0.7843121426939129,-0.5760850994554656,-0.4595482381273835,0.0397153259897023,0.0,0.0,0.0,0.0,0.0,0.0,0.0,0.0,3.0,130.33806480139012,0.6631932696929431,0.981793626482379,1,16
-1,1,27245.099341414,1.746409948598739,780.0275193236108,1.4377620875437884,0.7917897416018496,0.4490996763521754,1.428690326023898,0.7843121426939129,0.5854432666862102,0.3352267130383392,0.0397153259897023,0.0,0.0,0.0,0.0,0.0,0.0,0.0,0.0,1.0,193.83656959020064,0.6505546157543545,0.981681071872312,1,16
-1,1,27245.4326747473,0.3333333332993788,22.262174225135418,1.4381963082438909,0.0004342207001024,0.0,1.428690326023898,0.0,-0.0012730428009364,-0.0038191284031983,0.0397153259897023,0.0,0.0,0.0,0.0,0.0,0.0,0.0,0.0,1.0,215.83251991344488,0.6404436926034835,0.9815786748784652,1,16
-1,1,27394.9243507951,1.0,11.43094370879336,0.1609616182022767,-0.1191714743070954,-0.1252954298455923,0.1581655091137062,-0.1252954298455923,0.0073777247094781,0.0073777247094781,0.0397153259897023,0.0,0.0,0.0,0.0,0.0,0.0,0.0,0.0,4.0,121.31829685868873,0.6723549540827869,0.981477870070374,1,16
-1,1,27556.9489056584,2.0,49.255324261687264,0.3132607312728245,0.3069392709046919,0.1519619509419697,0.3104834663401443,0.3039239018839394,-0.0544604756417657,-0.0272302378208828,0.0397153259897023,0.0,0.0,0.0,0.0,0.0,0.0,0.0,0.0,1.0,70.30434959366367,0.6978839632662296,0.9813747374630614,1,16
-1,1,27878.6984778638,2.0,26.400468101904988,3.5035605737632043,3.345416137946639,1.695741995295348,3.5479792700895936,3.391483990590696,0.0059401982436368,0.0029700991218184,0.0397153259897023,0.0,0.0,0.0,0.0,0.0,0.0,0.0,0.0,1.0,59.05498132720993,0.7183071706129838,0.9812397018573238,1,16
-1,1,27880.6984778638,2.0,19.05861026551593,0.8152601146670001,-2.688300459096204,-1.3711229254042472,0.805733419281099,-2.7422458508084944,0.0329105785025465,0.0164552892512732,0.0397153259897023,0.0,0.0,0.0,0.0,0.0,0.0,0.0,0.0,1.0,127.75025502779545,0.7346457364903871,0.9811315492561772,1,16
-1,1,27928.1315117832,1.6666666665987575,264.24559708179686,1.257901560180963,0.4882468766944271,0.2869473757996603,1.2357495493420816,0.4782456263132808,-0.546249005499162,-0.3277494033128514,0.0397153259897023,0.0,0.0,0.0,0.0,0.0,0.0,0.0,0.0,0.0,300.0,0.7077165891923097,0.981021066743176,1,16
-1,1,27930.4648451165,2.333333333303017,674.1744349734167,1.266893238949989,0.0089916787690258,0.0136463511250594,1.2675910353001398,0.0318414859580582,-1.2095319230137358,-0.518370824155479,0.0397153259897023,0.0,0.0,0.0,0.0,0.0,0.0,0.0,0.0,0.0,300.0,0.6861732713538478,0.9809062863220552,1,16
-1,1,27935.9648451165,0.1666666666023957,10.243550342762456,2.100679277743124,0.0582612432024278,0.0,2.0369425843893176,0.0,-0.0083967346444704,-0.0503804078862506,0.0397153259897023,0.0,0.0,0.0,0.0,0.0,0.0,0.0,0.0,0.0,300.0,0.6689386170830782,0.980804535755991,1,16
-1,1,27936.7981784499,0.8333333333976043,837.0068961442042,1.535809233107544,-0.5648700446355801,-0.6188448698920843,1.5212385261061403,-0.5157040582831773,-2.194727215484198,-2.633672658377915,0.0397153259897023,0.0,0.0,0.0,0.0,0.0,0.0,0.0,0.0,0.0,300.0,0.6551508936664626,0.9806981365508526,1,16
-1,1,27937.2981784498,0.4999999999017745,731.0685473847702,1.8617049471356608,0.3258957140281169,0.6366864611165876,1.8395817566018955,0.3183432304957549,-2.040798531985534,-4.081597064772901,0.0397153259897023,0.0,0.0,0.0,0.0,0.0,0.0,0.0,0.0,0.0,300.0,0.6441207149331701,0.9805934822884858,1,16
-1,1,27939.7981784498,2.5,468.9369492536499,1.4287249467078464,-0.4329800004278143,-0.1683370720423077,1.418739076496126,-0.4208426801057692,-2.7966641892511017,-1.1186656757004407,0.0397153259897023,0.0,0.0,0.0,0.0,0.0,0.0,0.0,0.0,0.0,300.0,0.6352965719465361,0.9804756232266518,1,16
-1,1,27948.6315117831,2.6666666665987577,1252.462960106159,1.9661623494411344,1.2778396804801848,0.4784474812244833,1.981291537480012,1.2758599498994645,-2.407345838583696,-0.9027546894918754,0.0397153259897023,0.0,0.0,0.0,0.0,0.0,0.0,0.0,0.0,0.0,300.0,0.6282372575572289,0.98034940772866,1,16
-1,1,27951.1315117831,2.5,1560.229518709102,0.7803574004497318,-1.1858049489914024,-0.4757945122712458,0.7918052568018972,-1.1894862806781146,-2.653313924029856,-1.0613255696119424,0.0397153259897023,0.0,0.0,0.0,0.0,0.0,0.0,0.0,0.0,0.0,300.0,0.6225898060457832,0.9802396532611544,1,16
-1,1,27952.9648451165,1.8333333334012425,562.0588585311144,1.866643979800548,1.0862865793508156,0.6087169993145998,1.907786422253334,1.1159811654514369,1.3832424773568102,0.7544958967121308,0.0397153259897023,0.0,0.0,0.0,0.0,0.0,0.0,0.0,0.0,1.0,270.234817930643,0.6180718448366266,0.9801225423580054,1,16
-1,1,27955.2981784498,2.333333333299379,297.45986830300166,2.5344623774819013,0.6678183976813539,0.2351236400726354,2.4564082490815,0.548621826828166,1.0467852358328775,0.4486222439349044,0.0397153259897023,0.0,0.0,0.0,0.0,0.0,0.0,0.0,0.0,2.0,197.17252109787515,0.6144574758693013,0.9799929736302686,1,16
-1,1,27956.4648451164,1.1666666665987575,985.0692492969948,1.4090211154227366,-1.1254412620591647,-0.880751726732618,1.4288645679532566,-1.0275436811282437,-0.0917730424283416,-0.0786626078003001,0.0397153259897023,0.0,0.0,0.0,0.0,0.0,0.0,0.0,0.0,0.0,300.0,0.6115659806954411,0.9798847543404292,1,16
-1,1,27958.4648451164,2.0,1083.9287624059557,1.936238870723704,0.5272177553009674,0.2588197942461977,1.946504156445652,0.5176395884923954,1.0821328436307072,0.5410664218153536,0.0397153259897023,0.0,0.0,0.0,0.0,0.0,0.0,0.0,0.0,1.0,135.1704820267071,0.6092527845563529,0.979765391951722,1,16
-1,1,27960.6315117831,2.166666666700621,1216.1021935645383,1.0391289705076645,-0.8971099002160396,-0.4151803499533318,1.046946731532669,-0.899557424912983,1.1562628726349526,0.533659787361615,0.0397153259897023,0.0,0.0,0.0,0.0,0.0,0.0,0.0,0.0,0.0,300.0,0.6074022276450823,0.979654134721208,1,16
-1,1,27967.2981784497,1.5,1080.4948771362433,0.7856709631968939,-0.9164038539882682,-0.6264723861273169,0.7872066459059492,-0.9397085791909754,-0.4846605350568871,-0.3231070233712581,0.0397153259897023,0.0,0.0,0.0,0.0,0.0,0.0,0.0,0.0,1.0,232.7950543771443,0.6059217821160658,0.979548242188984,1,16
-1,1,27971.7981784497,4.5,1265.6087383498782,1.2480052633044325,0.4623343001075384,0.1020204184743861,1.246298529040687,0.4590918831347377,-1.189694545236112,-0.2643765656080249,0.0397153259897023,0.0,0.0,0.0,0.0,0.0,0.0,0.0,0.0,0.0,300.0,0.6047374256928527,0.9794201620705596,1,16
-1,1,27974.9648451164,3.166666666700621,449.2091432987373,1.6254776644408688,0.3774724011364365,0.1258941151816826,1.64496322712029,0.3986646980796029,-2.449487971506892,-0.7735225173096716,0.0397153259897023,0.0,0.0,0.0,0.0,0.0,0.0,0.0,0.0,0.0,300.0,0.6037899405542821,0.9792944253408724,1,16
-1,1,27975.4648451164,0.5,232.2476304392343,2.018548405146717,0.3930707407058487,0.7688594582391381,2.029392956239859,0.3844297291195691,2.3347330127382104,4.669466025476421,0.0397153259897023,0.0,0.0,0.0,0.0,0.0,0.0,0.0,0.0,1.0,131.1314143158282,0.6030319524434258,0.9791893789698596,1,16
-1,1,27978.2981784497,2.833333333299379,1241.018267573153,1.9126253021711104,-0.1059231029756071,-0.0457476688303677,1.899774561222037,-0.129618395017822,-1.4369212250192085,-0.507148667659916,0.0397153259897023,0.0,0.0,0.0,0.0,0.0,0.0,0.0,0.0,2.0,194.78679688868675,0.6024255619547406,0.9790622834447456,1,16
-1,1,27978.7981784497,0.5,609.388183688764,0.7890764921216055,-1.1235488100495048,-2.30041999967082,0.7495645613866271,-1.1502099998354098,2.383125679590677,4.766251359181354,0.0397153259897023,0.0,0.0,0.0,0.0,0.0,0.0,0.0,0.0,2.0,204.09317786667933,0.6019404495637926,0.9789603107535154,1,16
-1,1,27995.6315117829,1.9999999998981368,527.1412200045132,1.5798695862207135,-0.3068101066473967,-0.1331021908999111,1.579849721344594,-0.266204381786264,0.5638287680645893,0.281914384046653,0.0397153259897023,0.0,0.0,0.0,0.0,0.0,0.0,0.0,0.0,0.0,300.0,0.601552359651034,0.978844512057654,1,16
-1,1,28000.6315117829,5.0,1486.6215151153528,0.7263015482545114,-0.8535680379662023,-0.1708528100307733,0.725585671190727,-0.8542640501538669,2.8387245867176096,0.567744917343522,0.0397153259897023,0.0,0.0,0.0,0.0,0.0,0.0,0.0,0.0,6.0,165.41987827275202,0.6012418877208272,0.9787263545189476,1,16
-1,1,28128.6071806082,2.5,29.77647046130614,1.788495970885262,1.6149443897965663,0.6271780312484976,1.7392521967628811,1.567945078121244,-1.6500039461524167,-0.6600015784609667,0.0397153259897023,0.0,0.0,0.0,0.0,0.0,0.0,0.0,0.0,2.0,146.12345161025385,0.6409935101766618,0.9786039983193116,1,16
-1,1,28190.1500439664,1.3333333333030168,15.847644874825368,0.3981598703701555,-0.0817955907819733,-0.0640669550504533,0.3948181611587315,-0.0854226067319955,0.1423664626012639,0.1067748469533757,0.0397153259897023,0.0,0.0,0.0,0.0,0.0,0.0,0.0,0.0,2.0,115.4083125277274,0.6727948081413295,0.9785013439201758,1,16
-1,1,28191.816710633,1.6666666665987575,24.83978130844413,0.4378376390317647,0.0396777686616092,0.0231519417076315,0.4334047306698785,0.038586569511147,0.0487180539111333,0.029230832347871,0.0397153259897023,0.0,0.0,0.0,0.0,0.0,0.0,0.0,0.0,2.0,195.34749816620564,0.6982358465130637,0.978397695273184,1,16
-1,1,28198.4833772997,1.3333333332993789,24.02662999771669,1.2842627474352808,0.0014887911549483,0.0,1.30083952719268,0.0,-0.0082495312233019,-0.006187148417634,0.0397153259897023,0.0,0.0,0.0,0.0,0.0,0.0,0.0,0.0,0.0,300.0,0.718588677210451,0.9782891335215348,1,16
-1,1,28201.9833772997,3.5,4.417543405469209,0.1091236475610621,-1.1751390998742186,-0.341214056769984,0.1065903284977361,-1.194249198694944,0.3773502521309044,0.1078143577516869,0.0397153259897023,0.0,0.0,0.0,0.0,0.0,0.0,0.0,0.0,0.0,300.0,0.7348709417683609,0.9781872238577024,1,16
-1,1,28292.5704576857,4.0,0.4851294158857828,0.4007990282232596,-0.0022260453913261,0.0,0.4093267868015334,0.0,0.0013151072920933,0.0003287768230233,0.0397153259897023,0.0,0.0,0.0,0.0,0.0,0.0,0.0,0.0,1.0,55.75345444931474,0.7478967534146888,0.978079207877138,1,16
-1,1,28336.5704576857,2.5,10.209882685235776,0.0436903327526089,0.0002175851510644,0.0,0.0436038219306296,0.0,-0.0044164768161572,-0.0017665907264628,0.0397153259897023,0.0,0.0,0.0,0.0,0.0,0.0,0.0,0.0,1.0,133.05215534845505,0.7583174027317511,0.9779786617479784,1,16
-1,1,28456.2405657223,2.316776761697838,369.7313034271517,2.022996845975631,0.7402810700873617,0.3218032869035975,2.0214416262974058,0.7455463769362369,-0.5581305793477558,-0.2409082258485416,0.0397153259897023,0.0,0.0,0.0,0.0,0.0,0.0,0.0,0.0,2.0,130.0236819654665,0.7266539221854009,0.9778552275875696,1,16
-1,1,28479.9237889606,0.5,1137.0397917897974,1.330142092663881,0.0987733294982251,0.1490458364119264,1.320590632718042,0.0745229182059632,-1.351460778887395,-2.70292155777479,0.0397153259897023,0.0,0.0,0.0,0.0,0.0,0.0,0.0,0.0,0.0,300.0,0.7013231377483208,0.977751902232338,1,16
-1,1,28589.371560357,1.0,0.3749211715817868,2.2256688412757177,2.225359901746979,2.2994455737189643,2.299751836351155,2.2994455737189643,0.0036168701761467,0.0036168701761467,0.0397153259897023,0.0,0.0,0.0,0.0,0.0,0.0,0.0,0.0,1.0,242.4831024147956,0.7210585101986566,0.9776407738881318,1,16
-1,1,28592.0382270236,2.6666666665987577,18.74947793285613,1.561524508153506,-0.6641443331222117,-0.2551174162789377,1.6194387262913126,-0.6803131100598425,-0.0929452604866387,-0.0348544726833771,0.0397153259897023,0.0,0.0,0.0,0.0,0.0,0.0,0.0,0.0,1.0,247.78284013857885,0.7368468081589253,0.9775199535613568,1,16
-1,1,28594.0382270236,2.0,20.330915981055284,1.5796389416456982,0.0181144334921921,-0.0431962092134443,1.533046307864424,-0.0863924184268887,-0.613344107833111,-0.3066720539165555,0.0397153259897023,0.0,0.0,0.0,0.0,0.0,0.0,0.0,0.0,0.0,300.0,0.7494774465271403,0.9774041571719404,1,16
-1,1,28594.2048936903,0.1666666667006211,3.22890649779992,1.5866194522013175,0.0069805105556193,0.0,1.533046307864424,0.0,-0.0039034303566496,-0.0234205821351264,0.0397153259897023,0.0,0.0,0.0,0.0,0.0,0.0,0.0,0.0,0.0,300.0,0.7595819572217123,0.9773028349890632,1,16
-1,1,28594.871560357,0.6666666667006211,44.893644208956665,1.6507534942106814,0.0641340420093639,0.2096107644523969,1.6727868175064724,0.1397405096420485,-2.3228653986832777,-3.484298097847456,0.0397153259897023,0.0,0.0,0.0,0.0,0.0,0.0,0.0,0.0,0.0,300.0,0.7276655657773698,0.9771973324774156,1,16
-1,1,28599.371560357,4.5,252.2025750266344,0.0835246945114316,-1.5672287996992498,-0.3534900967579282,0.0820813820957953,-1.590705435410677,2.961478333294496,0.6581062962876657,0.0397153259897023,0.0,0.0,0.0,0.0,0.0,0.0,0.0,0.0,1.0,19.88889934171984,0.742132452621896,0.9770954531717893,1,16
-1,1,28604.0382270236,4.666666666598758,83.51977604420674,0.4939465218016957,0.4104218272902641,0.0854751338450379,0.4809653400335014,0.398883957937706,-0.0146574176687561,-0.0031408752147791,0.0397153259897023,0.0,0.0,0.0,0.0,0.0,0.0,0.0,0.0,3.0,252.05230068926508,0.7537059620975168,0.9769839277529472,1,16
-1,1,28615.8715603569,3.5,304.17469178033133,4.4536866644709,4.427105794477571,1.2784899144731423,4.500166496404349,4.474714700655999,-0.1703023077511432,-0.0486578022146123,0.0397153259897023,0.0,0.0,0.0,0.0,0.0,0.0,0.0,0.0,1.0,292.668244843934,0.7229647696780135,0.976805988236319,1,16
-1,1,28654.0382270234,4.833333333299379,113.3076871894219,2.067057356513481,-2.4886654712992624,-0.5111995072514938,2.0291561905511224,-2.470797618364862,-1.3319341218229306,-0.2755725769308181,0.0397153259897023,0.0,0.0,0.0,0.0,0.0,0.0,0.0,0.0,1.0,265.3256540931732,0.7383718157424108,0.9766560343502037,1,16
-1,1,28668.6340797544,0.9291860644007102,891.9232076854174,4.497464768496189,2.946669434945989,3.15899175093233,4.500203032262236,2.93529111252312,-0.5645892374345274,-0.6076169876683052,0.0397153259897023,0.0,0.0,0.0,0.0,0.0,0.0,0.0,0.0,2.0,128.83686479588488,0.7106974525939287,0.9765351394422636,1,16
-1,1,28669.6340797544,1.0,8.592727992904653,4.4981834579714,0.0007186894752102,2.6609776526242968e-05,4.500229642038763,2.6609776526242968e-05,0.0040465830952918,0.0040465830952918,0.0397153259897023,0.0,0.0,0.0,0.0,0.0,0.0,0.0,0.0,2.0,136.82074393485075,0.728557962075143,0.9764126485249736,1,16
-1,1,28670.0382270233,0.4041472688986687,909.078209909242,0.7934849552018369,-3.7046985027695625,-9.254562078960763,0.7600236529735847,-3.7402059890651778,0.4774265982479564,1.181318383145281,0.0397153259897023,0.0,0.0,0.0,0.0,0.0,0.0,0.0,0.0,3.0,191.54203170912572,0.7028463696601144,0.976311045101086,1,16
-1,1,28674.20489369,4.166666666700621,45.523009617392034,0.3562917853466226,-0.4371931698552143,-0.0979906463344183,0.3517292932435145,-0.4082943597300701,-0.0095792134559427,-0.0022990112294075,0.0397153259897023,0.0,0.0,0.0,0.0,0.0,0.0,0.0,0.0,2.0,119.38636620303986,0.7222770957280915,0.9762036223555578,1,16
-1,1,28674.5382270233,0.3333333332993788,24.17261040627692,0.3470514906150924,-0.0092402947315302,0.0,0.3517292932435145,0.0,-0.0025444547988957,-0.0076333643974648,0.0397153259897023,0.0,0.0,0.0,0.0,0.0,0.0,0.0,0.0,1.0,55.03872870288784,0.6978216765824732,0.9761030439364068,1,16
-1,1,28678.3715603566,3.833333333303017,116.14208909553804,0.034452746929071,-0.3125987436860213,-0.0827227881031867,0.0346252721838065,-0.3171040210597079,1.849481135792578,0.4824733397757926,0.0397153259897023,0.0,0.0,0.0,0.0,0.0,0.0,0.0,0.0,1.0,209.08037813900305,0.7182573412659786,0.9760023835920908,1,16
-1,1,28898.0077672415,1.6666666667006211,816.1321073997468,2.020612573957132,0.1106015520731389,0.0678326370131367,1.9969089922398648,0.1130543950241977,-0.9204992921411268,-0.5522995752734242,0.0397153259897023,0.0,0.0,0.0,0.0,0.0,0.0,0.0,0.0,3.0,193.0436882488736,0.6946058730127829,0.975885545153974,1,16
-1,1,28901.5077672415,3.5,643.4040913425231,1.693991722055403,-0.3266208519017288,-0.0817009626515646,1.7109556229593883,-0.2859533692804763,-2.2768222323476524,-0.6505206378136149,0.0397153259897023,0.0,0.0,0.0,0.0,0.0,0.0,0.0,0.0,0.0,300.0,0.6756846984102263,0.975755900298838,1,16
-1,1,28905.1744339081,3.666666666602396,1234.4603443198428,1.4316515475525513,-0.2623401745028517,-0.0696953632170677,1.4554059578346197,-0.255549665124769,2.7685383159475005,0.7550559043625533,0.0397153259897023,0.0,0.0,0.0,0.0,0.0,0.0,0.0,0.0,1.0,114.58776092180344,0.6605477587281811,0.9756296533538,1,16
-1,1,28905.6744339081,0.5,743.5456524476766,1.2613878611449103,-0.170263686407641,-0.3850347320400038,1.2628885918146175,-0.1925173660200019,-1.3322085179908312,-2.6644170359816624,0.0397153259897023,0.0,0.0,0.0,0.0,0.0,0.0,0.0,0.0,1.0,272.8959164957954,0.6484382069825448,0.9755264998841472,1,16
-1,1,28906.0077672415,0.3333333333976043,508.5112144986103,1.9384350907075991,0.6770472295626888,2.341896240571036,2.043520672155479,0.7806320803408613,-0.8942082263475633,-2.6826246785254453,0.0397153259897023,0.0,0.0,0.0,0.0,0.0,0.0,0.0,0.0,1.0,258.14304580743703,0.6387505655860359,0.9754232691589954,1,16
-1,1,28908.1744339081,2.166666666602396,1011.7726899651918,1.9570204539351552,0.0185853632275561,-0.0050814522971014,2.032510858845419,-0.0110098133100597,1.3903243329888832,0.6416881537062116,0.0397153259897023,0.0,0.0,0.0,0.0,0.0,0.0,0.0,0.0,1.0,186.60729504525443,0.6310004524688287,0.9753020681040784,1,16
-1,1,28909.8411005748,1.6666666666969832,1358.9629250438684,1.9160831833814296,-0.0409372705537254,-0.1165232935180061,1.8383053696452096,-0.1942054892002094,-1.8456175610402803,-1.1073705366040252,0.0397153259897023,0.0,0.0,0.0,0.0,0.0,0.0,0.0,0.0,3.0,174.0679938446559,0.6248003619750631,0.9751861007442166,1,16
-1,1,28912.8411005748,3.0,915.414294590889,2.1622976091889257,0.2462144258074958,0.0901289724506971,2.108692286997301,0.2703869173520914,0.2958321349448445,0.0986107116482815,0.0397153259897023,0.0,0.0,0.0,0.0,0.0,0.0,0.0,0.0,0.0,300.0,0.6198402895800504,0.9750536662800788,1,16
-1,1,29058.3062414526,3.9999999998981366,161.9820688638629,1.8180387245983587,-1.144844664464149,-0.288247903584669,1.8173845453536424,-1.1529916143093142,0.7572959728513196,0.1893239932176512,0.0397153259897023,0.0,0.0,0.0,0.0,0.0,0.0,0.0,0.0,1.0,106.6279760318432,0.6558722316640404,0.9749173055055878,1,16
-1,1,29060.4729081193,2.166666666700621,48.6145707911493,0.6644806681424251,-1.1535580564559336,-0.5154761260637438,0.7005196055313615,-1.116864939822281,-1.9324989769302008,-0.8919226047230385,0.0397153259897023,0.0,0.0,0.0,0.0,0.0,0.0,0.0,0.0,0.0,300.0,0.6846977853312324,0.974810106965016,1,16
-1,1,29061.4729081193,1.0,82.25411490715726,2.006831763939187,1.342351095796762,1.4066575532687584,2.10717715880012,1.4066575532687584,-0.6442106955245275,-0.6442106955245275,0.0397153259897023,0.0,0.0,0.0,0.0,0.0,0.0,0.0,0.0,0.0,300.0,0.6677582282649859,0.9747000728061964,1,16
-1,1,29065.1395747859,3.6666666665987577,565.3290254672683,1.943245573995633,-0.0635861899435541,-0.0508637170138185,1.92067686308624,-0.1865002957138803,-0.896735567493419,-0.2445642456845528,0.0397153259897023,0.0,0.0,0.0,0.0,0.0,0.0,0.0,0.0,2.0,208.64759278234675,0.6542065826119887,0.9745644466373404,1,16
-1,1,29073.3062414526,0.8333333333976043,1364.0497025052596,1.172367930313136,0.3702768768871813,0.4137094602904073,1.1290389535284246,0.3447578836019289,0.0368239905970999,0.0441887887131118,0.0397153259897023,0.0,0.0,0.0,0.0,0.0,0.0,0.0,0.0,2.0,221.3719034537071,0.643365266089591,0.9744595617709636,1,16
-1,1,29073.4729081192,0.1666666666023957,10.926488359326722,1.0976224392239222,-0.0747454910892138,0.0,1.1290389535284246,0.0,-0.0002803358316265,-0.001682014990408,0.0397153259897023,0.0,0.0,0.0,0.0,0.0,0.0,0.0,0.0,2.0,230.90376013746675,0.6346922128716728,0.974358647085598,1,16
-1,1,29075.4729081192,2.0,1172.494142264636,2.654773765795677,1.557151326571755,0.7255093566863822,2.580057666901189,1.4510187133727643,0.2656580338659702,0.1328290169329851,0.0397153259897023,0.0,0.0,0.0,0.0,0.0,0.0,0.0,0.0,0.0,300.0,0.6277537702973383,0.9742320993479402,1,16
-1,1,29078.1395747859,2.666666666696983,447.161608017493,0.6239812317557293,-2.030792534039948,-0.7279487709187544,0.6388609444291082,-1.9411967224720807,1.3728094446382828,0.5148035417335034,0.0397153259897023,0.0,0.0,0.0,0.0,0.0,0.0,0.0,0.0,0.0,300.0,0.6222030162378707,0.9741237795981832,1,16
-1,1,29078.4729081192,0.3333333333030168,860.613050857936,2.282959032329495,1.6589778005737656,4.859193355854693,2.2585920629000253,1.619731118470917,-1.7890883738830472,-5.367265122137291,0.0397153259897023,0.0,0.0,0.0,0.0,0.0,0.0,0.0,0.0,2.0,153.39978339228898,0.6177624129902965,0.9740199746664632,1,16
-1,1,29090.1395747858,3.999999999901775,23.67748634476679,1.400054769319141,-1.56991755488729,-0.4143693377311007,1.376405164033723,-1.657477350883701,-0.0281383949234408,-0.0070345987310329,0.0397153259897023,0.0,0.0,0.0,0.0,0.0,0.0,0.0,0.0,4.0,90.4024080650744,0.6542099303922373,0.9738919735710776,1,16
-1,1,29212.6133771875,1.8333333332993789,40.99082211808044,0.5060600749869946,0.4340047844954124,0.2500452654117955,0.5306375970693614,0.458416319913135,0.1026187689506721,0.0559738739741305,0.0397153259897023,0.0,0.0,0.0,0.0,0.0,0.0,0.0,0.0,1.0,96.71884739463498,0.6833679443137899,0.9737873346870568,1,16
-1,1,29217.1133771875,4.5,72.40773255853159,0.0521953238011084,-0.4538647511858861,-0.1063133817822027,0.0522273790494491,-0.4784102180199123,0.0510367507536715,0.0113415001674825,0.0397153259897023,0.0,0.0,0.0,0.0,0.0,0.0,0.0,0.0,0.0,300.0,0.706694355451032,0.9736861602922712,1,16
-1,1,29220.4467105208,3.333333333299379,45.72295534742906,0.3496010424825247,0.2974057186814163,0.086486181474254,0.3405146506273594,0.2882872715779103,-0.0104025698273395,-0.0031207709482336,0.0397153259897023,0.0,0.0,0.0,0.0,0.0,0.0,0.0,0.0,0.0,300.0,0.7253554843608256,0.97358033360823,1,16
-1,1,29221.4467105208,1.0,14.1138640648585,0.0735611266147271,-0.2760399158677975,-0.268103101906087,0.0724115487212725,-0.268103101906087,0.0016771933979558,0.0016771933979558,0.0397153259897023,0.0,0.0,0.0,0.0,0.0,0.0,0.0,0.0,0.0,300.0,0.7402843874886605,0.9734799658025968,1,16
-1,1,29221.6133771874,0.1666666666023957,3.717053719317765,0.071960701122898,-0.0016004254918291,0.0,0.0724115487212725,0.0,0.0077227209996362,0.0463363260156858,0.0397153259897023,0.0,0.0,0.0,0.0,0.0,0.0,0.0,0.0,0.0,300.0,0.7522275099909285,0.973379905835346,1,16
-1,1,29221.7800438541,0.1666666667006211,14.493056490496356,0.0700199132535209,-0.001940787869377,0.0,0.0724115487212725,0.0,0.0025158930011999,0.0150953580041241,0.0397153259897023,0.0,0.0,0.0,0.0,0.0,0.0,0.0,0.0,0.0,300.0,0.7217820079927428,0.9732798474854182,1,16
-1,1,29223.6133771874,1.8333333332993789,42.50562966229007,0.1362050589710916,0.0661851457175706,0.0377901455082203,0.1416934821517266,0.0692819334304541,-0.0495311602460546,-0.0270169964983483,0.0397153259897023,0.0,0.0,0.0,0.0,0.0,0.0,0.0,0.0,1.0,17.03147409117884,0.7374256063941943,0.9731785989390443,1,16
-1,1,29231.2800438541,2.166666666700621,39.45743602190416,0.0938647824519361,-0.8932387293707897,-0.4302755023603019,0.0914908986831107,-0.9322635884619304,0.2661996678177418,0.1228613851447246,0.0397153259897023,0.0,0.0,0.0,0.0,0.0,0.0,0.0,0.0,1.0,255.3764898520911,0.7499404851153555,0.9730775820705678,1,16
-1,1,29244.780043854,1.1666666665987575,33.29096922382242,2.155685748254039,0.2922361714808126,0.2058930047009958,2.093073987061876,0.2402085054705132,-0.8869332038815081,-0.7602284605141152,0.0397153259897023,0.0,0.0,0.0,0.0,0.0,0.0,0.0,0.0,1.0,150.52604628307387,0.7599523880922845,0.972965007237037,1,16
-1,1,29446.152445924,4.666666666700621,33.45838002330261,0.008834494497164,-0.0655888093990555,-0.0145639441177233,0.0087975988590235,-0.0679650725498703,-0.0124565709988693,-0.002669265214024,0.0397153259897023,0.0,0.0,0.0,0.0,0.0,0.0,0.0,0.0,2.0,36.76957619948469,0.7679619104738277,0.972864801098832,1,16
-1,1,29448.9857792573,2.833333333299379,46.16405705720258,0.092864684014168,0.084030189517004,0.0304180761954171,0.0949821480783393,0.0861845492193157,0.0068182582952114,0.0024064441042211,0.0397153259897023,0.0,0.0,0.0,0.0,0.0,0.0,0.0,0.0,2.0,111.85161659342724,0.7743695283790623,0.9727634855158086,1,16
-1,1,29449.8191125906,0.8333333333030168,14.180339433184232,0.1236764694161308,0.0308117854019628,0.0401845180760122,0.1284692464737979,0.0334870983954585,-0.0161819885436753,-0.0194183862531168,0.0397153259897023,0.0,0.0,0.0,0.0,0.0,0.0,0.0,0.0,1.0,184.548238215032,0.7794956227032499,0.972662970197186,1,16
-1,1,29451.1524459239,1.3333333332993789,5.974585531173608,0.0154021806517971,-0.1082742887643337,-0.0847225770821847,0.0155058103670949,-0.1129634361067029,0.0098079909877171,0.0073559932409751,0.0397153259897023,0.0,0.0,0.0,0.0,0.0,0.0,0.0,0.0,1.0,188.79907495356625,0.7835964981626,0.9725628675159818,1,16
-1,1,29464.1524459239,5.0,63.70497986318351,0.1206761681463948,-0.2082406367043712,-0.0424089035015474,0.122194137956571,-0.2120445175077371,-0.0067238073644571,-0.0013447614728914,0.0397153259897023,0.0,0.0,0.0,0.0,0.0,0.0,0.0,0.0,1.0,157.4479180024909,0.7868771985300801,0.972459850611778,1,16
-1,1,29475.4857792572,3.5,61.191251988990686,0.480106810991931,0.2575308760336771,0.0737602830134771,0.4797753276697886,0.25816099054717,-0.0490222573331595,-0.0140063592380455,0.0397153259897023,0.0,0.0,0.0,0.0,0.0,0.0,0.0,0.0,4.0,129.15108225195132,0.7895017588240641,0.9723514487425856,1,16
-1,1,29478.9857792572,3.5,16.063352989301173,2.329822046448488,1.8497152354565565,0.5043356892637061,2.24495024009276,1.7651749124229714,-0.1232151871980229,-0.0352043391994351,0.0397153259897023,0.0,0.0,0.0,0.0,0.0,0.0,0.0,0.0,2.0,117.8471227701993,0.7916014070592514,0.9722106768567728,1,16
-1,1,29480.8191125905,1.8333333332993789,7.439456246188391,1.1857869553491862,-1.1440350910993011,-0.606309874720536,1.133382136459031,-1.111568103633729,0.0094866798747244,0.0051745526590364,0.0397153259897023,0.0,0.0,0.0,0.0,0.0,0.0,0.0,0.0,0.0,300.0,0.7932811256474012,0.9720998071430156,1,16
-1,1,29483.1524459238,2.333333333299379,8.592568545569469,1.9777600063328613,0.7919730509836751,0.408393716459301,2.086300808183533,0.9529186717245024,0.0267575651004214,0.0114675279003475,0.0397153259897023,0.0,0.0,0.0,0.0,0.0,0.0,0.0,0.0,2.0,53.56643610764328,0.794624900517921,0.9719767332762754,1,16
-1,1,29486.4857792571,3.333333333299379,30.98879994098993,1.3772989040062096,-0.6004611023266517,-0.2113327761148779,1.381858221141116,-0.7044425870424176,1.583621779183301,0.4750865337598297,0.0397153259897023,0.0,0.0,0.0,0.0,0.0,0.0,0.0,0.0,4.0,94.8437561122796,0.7956999204143369,0.9718537782945422,1,16
-1,1,29491.1524459238,4.666666666700621,31.250495848598515,0.0763841168702416,-1.300914787135968,-0.279652097887421,0.0768150976569887,-1.305043123484127,0.0387039639354904,0.0082937065575447,0.0397153259897023,0.0,0.0,0.0,0.0,0.0,0.0,0.0,0.0,2.0,146.07612924981282,0.7965599363314696,0.971751995998482,1,16
-1,1,29495.1524459238,4.0,49.25154029348381,0.2999144127879056,0.223530295917664,0.0556698663208316,0.2994945629403153,0.2226794652833266,0.0271479440595969,0.0067869860148992,0.0397153259897023,0.0,0.0,0.0,0.0,0.0,0.0,0.0,0.0,2.0,201.32205656119845,0.7972479490651757,0.9716459977102262,1,16
-1,1,29496.9857792571,1.8333333332993789,34.75260573611364,0.0765840430925323,-0.2233303696953732,-0.1218074020480321,0.0761809925230589,-0.2233135704172564,-0.0145737359279971,-0.0079493105063274,0.0397153259897023,0.0,0.0,0.0,0.0,0.0,0.0,0.0,0.0,0.0,300.0,0.7977983592521406,0.9715452956898312,1,16
-1,1,29561.6687060806,1.3333333332993789,8.481071962237678,2.2809469112999188,0.1402134410068911,0.1630066541881756,2.299800995496643,0.2173422055786993,0.0067893026158749,0.0050919769620358,0.0397153259897023,0.0,0.0,0.0,0.0,0.0,0.0,0.0,0.0,4.0,166.17624229448072,0.7982386874017126,0.9714300893770896,1,16
-1,1,29766.4219094249,0.5,9.072228904846297,0.1987428776946866,0.002823232143172,0.0,0.2046218929393333,0.0,0.0071132854430979,0.0142265708861959,0.0397153259897023,0.0,0.0,0.0,0.0,0.0,0.0,0.0,0.0,2.0,182.5458338618752,0.7985909499213701,0.9713295925198951,1,16
-1,1,29785.9219094249,2.5,99.3807520579649,2.534503372712153,0.465584323386861,0.1254529482422766,2.4677903664856897,0.3136323706056916,-0.9514351422589526,-0.380574056903581,0.0397153259897023,0.0,0.0,0.0,0.0,0.0,0.0,0.0,0.0,0.0,300.0,0.7988727599370962,0.9711979112277364,1,16
-1,1,29814.9219094249,2.5,32.30585030963706,1.0798311672546692,-0.9423315229784056,-0.3513472997662762,1.039647837396273,-0.8783682494156906,-0.4581380851231245,-0.1832552340492498,0.0397153259897023,0.0,0.0,0.0,0.0,0.0,0.0,0.0,0.0,0.0,300.0,0.799098207949677,0.9710844133381455,1,16
-1,1,29963.8051379305,2.0,40.02269601620125,0.6417347443459034,0.1699052609500271,0.084437677318722,0.6349812969397534,0.168875354637444,-0.7585181759087352,-0.3792590879543676,0.0397153259897023,0.0,0.0,0.0,0.0,0.0,0.0,0.0,0.0,0.0,300.0,0.7992785663597417,0.9709779959907022,1,16
-1,1,30072.4718045967,4.666666666598758,200.93661738318588,0.8123971357007849,0.4824954686788978,0.1033804636949344,0.8164655242055499,0.4824421639026737,-0.5372940366476424,-0.1151344364261702,0.0397153259897023,0.0,0.0,0.0,0.0,0.0,0.0,0.0,0.0,2.0,221.5973392728897,0.7994228530877935,0.9708590400575362,1,16
-1,1,30089.7004876733,4.72868307670069,694.2336573535704,0.5649868706629254,0.5217708954179252,0.1129196416520226,0.5769359426849342,0.533961198507026,-2.173097888289098,-0.4595566784749123,0.0397153259897023,0.0,0.0,0.0,0.0,0.0,0.0,0.0,0.0,3.0,172.42520709957486,0.7595382824702348,0.9707456818382668,1,16
-1,1,30092.30513793,2.604650256700552,690.6630977451332,0.0432296131870025,-0.5217572574759229,-0.2050030314562934,0.0429747441779082,-0.533961198507026,2.17955248085916,0.8367927614282135,0.0397153259897023,0.0,0.0,0.0,0.0,0.0,0.0,0.0,0.0,2.0,164.20588798206063,0.7276306259761879,0.9706451188481516,1,16
-1,1,30264.9728732593,3.0,31.865312472281584,0.4120016036019651,-0.4249293301678919,-0.1401832613267672,0.4120319920464334,-0.4205497839803018,0.0016424299519282,0.0005474766506427,0.0397153259897023,0.0,0.0,0.0,0.0,0.0,0.0,0.0,0.0,2.0,53.715866754586685,0.7421045007809504,0.9705389388240976,1,16
-1,1,30266.9728732593,2.0,20.83070041693486,1.6960807216975522,1.284079118095587,0.645779355341659,1.7035907027297514,1.291558710683318,0.0057991610505712,0.0028995805252856,0.0397153259897023,0.0,0.0,0.0,0.0,0.0,0.0,0.0,0.0,2.0,155.0565429354433,0.7536836006247604,0.9704219780168803,1,16
-1,1,30348.227553513,4.999999999898137,35.291880041666246,4.182540860214969,3.357266935261445,0.6699453614841161,4.206781717416863,3.3497268073523374,-1.56253185486641,-0.3125063709796486,0.0397153259897023,0.0,0.0,0.0,0.0,0.0,0.0,0.0,0.0,6.0,204.3263301268266,0.7629468804998084,0.9702174144953772,1,16
-1,1,30350.5608868464,2.3333333334012423,54.37328433271693,0.1953153420244885,-3.98722551819048,-1.7201670844396084,0.1930585202742955,-4.013723197142568,-0.1257904607185533,-0.0539101974492396,0.0397153259897023,0.0,0.0,0.0,0.0,0.0,0.0,0.0,0.0,6.0,169.60413648183325,0.7703575043998468,0.9701151358163868,1,16
-1,1,30351.5608868463,0.9999999998981366,13.826226743876576,0.5907477287560908,0.3954323867316023,0.4099889495891412,0.6030474698216739,0.4099889495473783,0.1308339827954752,0.1308339828088024,0.0397153259897023,0.0,0.0,0.0,0.0,0.0,0.0,0.0,0.0,5.0,177.67109204776116,0.7762860035198775,0.9700121820777432,1,16
-1,1,30360.8942201796,2.666666666602396,33.51961619759035,0.3577044882238062,-1.4781438392685744,-0.5640560477714697,0.3591947589186684,-1.5041494606876666,0.038989309678362,0.0146209911297381,0.0397153259897023,0.0,0.0,0.0,0.0,0.0,0.0,0.0,0.0,4.0,136.52367441678854,0.7810288028159021,0.9699074126845671,1,16
-1,1,30592.0832282313,4.333333333299379,575.9949695394434,1.9990375917330003,0.0037471830224176,0.0081296652223576,2.006625891298773,0.0352285492966069,1.9936733759698724,0.4600784713812679,0.0397153259897023,0.0,0.0,0.0,0.0,0.0,0.0,0.0,0.0,1.0,214.90837717935528,0.7448230422527218,0.9697641002034132,1,16
-1,1,30611.7498948979,1.1666666667006211,15.473183755980347,1.5886247591337046,-0.5171378606082335,-0.4477338769298571,1.5970354258129795,-0.5223561897667026,-0.6435358456129077,-0.5516021533664386,0.0397153259897023,0.0,0.0,0.0,0.0,0.0,0.0,0.0,0.0,0.0,300.0,0.7558584338021774,0.9696548332256514,1,16
-1,1,30616.5832282312,4.833333333299379,26.64811278745459,2.204405720579424,0.615780961445719,0.128721251434377,2.2191881410747643,0.6221527152617847,-0.8060498537998875,-0.1667689352701138,0.0397153259897023,0.0,0.0,0.0,0.0,0.0,0.0,0.0,0.0,1.0,148.35590899523078,0.764686747041742,0.9695015600874044,1,16
-1,1,30618.2498948979,1.6666666667006211,144.62486304634598,2.663212689204342,0.4588069686249185,0.2284184966504616,2.599885635499956,0.3806974944251919,-0.0713426479015395,-0.0428055887400516,0.0397153259897023,0.0,0.0,0.0,0.0,0.0,0.0,0.0,0.0,2.0,110.8690250077211,0.7317493976333936,0.9693793666483274,1,16
-1,1,30637.2498948978,1.3333333333976043,48.51684325842537,3.565047284939027,3.224315105239439,2.439704727288491,3.600170522153539,3.252939636541457,-0.0049751793096204,-0.0037313844820354,0.0397153259897023,0.0,0.0,0.0,0.0,0.0,0.0,0.0,0.0,1.0,166.11563948655407,0.745399518106715,0.9692555996664266,1,16
-1,1,30670.6759951348,1.0,13.66456715547679,0.0734534440511016,-0.5716200720412257,-0.5739433764693073,0.0734409321881295,-0.5739433764693073,-0.0049772081001235,-0.0049772081001235,0.0397153259897023,0.0,0.0,0.0,0.0,0.0,0.0,0.0,0.0,5.0,197.53409973590223,0.7563196144853721,0.9691552323992064,1,16
-1,1,30853.1671631027,5.0,57.93541418062823,2.498993406733616,1.849719883639692,0.3752184179854658,2.514460639569512,1.876092089927329,0.041582815643625,0.008316563128725,0.0397153259897023,0.0,0.0,0.0,0.0,0.0,0.0,0.0,0.0,1.0,250.15526086562087,0.7650556915882978,0.968992757564038,1,16
-1,1,30856.1671631027,3.0,15.165618897945878,2.3875003182932195,-0.1114930884403961,-0.0581692828126443,2.3399527911315787,-0.174507848437933,-0.1098518324158726,-0.0366172774719575,0.0397153259897023,0.0,0.0,0.0,0.0,0.0,0.0,0.0,0.0,2.0,131.91242487439675,0.7720445532706383,0.9688569450592636,1,16
-1,1,30905.0866814441,1.8333333332993789,3.3249219304983013,0.0006339296722454,2.465434125763623e-05,0.0,0.000615862298099,0.0,0.0042162588342451,0.0022997775459944,0.0397153259897023,0.0,0.0,0.0,0.0,0.0,0.0,0.0,0.0,3.0,123.09965029587252,0.7776356426165106,0.9687569392482416,1,16
-1,1,30905.4200147774,0.3333333332993788,8.14313906405621,0.0006084026071534,-2.552706509200537e-05,0.0,0.000615862298099,0.0,0.0034279171375257,0.0102837514136248,0.0397153259897023,0.0,0.0,0.0,0.0,0.0,0.0,0.0,0.0,3.0,127.87559772958448,0.7821085140932086,0.9686569382342372,1,16
-1,1,30906.5866814441,1.1666666667006211,3.450193087808653,0.000620631241383,1.2228634229560342e-05,0.0,0.000615862298099,0.0,-0.0078502058039546,-0.0067287478317653,0.0397153259897023,0.0,0.0,0.0,0.0,0.0,0.0,0.0,0.0,4.0,102.19894835228746,0.785686811274567,0.9685569346138884,1,16
-1,1,30913.0866814441,1.0,0.2095214137615091,0.0006114258546803,-2.1958275206702136e-05,0.0,0.000615862298099,0.0,0.0041647057690599,0.0041647057690599,0.0397153259897023,0.0,0.0,0.0,0.0,0.0,0.0,0.0,0.0,4.0,149.31057625620411,0.7885494490196536,0.968456931556759,1,16
-1,1,30915.0866814441,2.0,0.5043181050467903,0.0005982463508767,-1.317950380359497e-05,0.0,0.000615862298099,0.0,0.0081591862896406,0.0040795931448203,0.0397153259897023,0.0,0.0,0.0,0.0,0.0,0.0,0.0,0.0,3.0,152.4759453432284,0.790839559215723,0.9683569255742956,1,16
-1,1,30922.1671631027,1.4138149919999703,1137.1530983485095,4.463251967239263,3.8828699044704527,2.771296493623558,4.499780819224229,3.918100529961937,-1.899187772318336,-1.343307139240164,0.0397153259897023,0.0,0.0,0.0,0.0,0.0,0.0,0.0,0.0,1.0,34.23960820086283,0.7526716473725784,0.9682253745115738,1,16
-1,1,30924.7533481107,2.586185008000029,1146.7239066923876,2.7193274162695213,-1.743924550969742,-0.734656722301275,2.599822617982231,-1.8999582012419984,1.7770913815154277,0.6871478165785606,0.0397153259897023,0.0,0.0,0.0,0.0,0.0,0.0,0.0,0.0,2.0,126.31152448529468,0.7221373178980628,0.9680902110925949,1,16
-1,1,30925.4200147774,0.6666666667006211,14.4601107953043,2.631541503259043,-0.0877859130104785,-0.078844233945718,2.547259795349075,-0.0525628226331558,-0.2564153111830132,-0.3846229667549303,0.0397153259897023,0.0,0.0,0.0,0.0,0.0,0.0,0.0,0.0,2.0,123.5663983278103,0.7377098543184503,0.9679814392875836,1,16
-1,1,30926.586681444,1.1666666666023957,9.185397672744449,1.7852636977620022,-0.8462778054970406,-0.6542645344612902,1.7839511718529533,-0.7633086234961217,-0.701042916917606,-0.6008939288196223,0.0397153259897023,0.0,0.0,0.0,0.0,0.0,0.0,0.0,0.0,2.0,122.1147664714574,0.7501678834547603,0.9678710252493472,1,16
-1,1,30927.2533481107,0.6666666666969832,8.800861626093626,1.7296733963198256,-0.0555903014421765,0.0,1.7839511718529533,0.0,-0.0061826760986596,-0.0092740141475677,0.0397153259897023,0.0,0.0,0.0,0.0,0.0,0.0,0.0,0.0,1.0,168.35209583510252,0.7601343067638083,0.9677652596713592,1,16
-1,1,30928.7533481107,1.5,10.037692471332493,1.8127122424246933,0.0830388461048681,0.0235799894944062,1.8193211560945624,0.0353699842416093,-0.5653402470987032,-0.3768934980658021,0.0397153259897023,0.0,0.0,0.0,0.0,0.0,0.0,0.0,0.0,4.0,128.87076314129305,0.7681074454110467,0.9676516643295408,1,16
-1,1,30932.4200147773,3.666666666602396,62.13445092413343,0.9125025912217276,-0.9002096512029663,-0.2474795769874727,0.9118960404897352,-0.9074251156048274,0.0167538850562145,0.0045692413790476,0.0397153259897023,0.0,0.0,0.0,0.0,0.0,0.0,0.0,0.0,2.0,201.33206834544467,0.7744859563288374,0.9675349351153688,1,16
-1,1,30933.2533481107,0.8333333333976043,9.449935088185876,0.9096400443582096,-0.0028625468635178,0.0,0.9118960404897352,0.0,0.0137715725784119,0.0165258870928198,0.0397153259897023,0.0,0.0,0.0,0.0,0.0,0.0,0.0,0.0,2.0,210.45118498724705,0.7795887650630701,0.967431144948517,1,16
-1,1,30939.9200147773,0.5,17.30454876194492,4.5065521413252325,-0.0036512982675072,0.0,4.49922952770228,0.0,0.0010155698156841,0.0020311396313683,0.0397153259897023,0.0,0.0,0.0,0.0,0.0,0.0,0.0,0.0,1.0,230.6419528243694,0.7836710120504561,0.9673198785681636,1,16
-1,1,30940.586681444,0.6666666667006211,11.218075010568295,4.492184350733516,-0.0143677905917165,9.04965078961078e-06,4.499235560802807,6.033100526714463e-06,-0.0002600038185942,-0.0003900057278715,0.0397153259897023,0.0,0.0,0.0,0.0,0.0,0.0,0.0,0.0,1.0,219.424022125874,0.7869368096403649,0.9672049046203272,1,16
-1,1,31115.0019619437,0.8333333332993789,24.076425901637908,0.1777703757679381,0.0611306140670714,0.0841535485954519,0.182241130405847,0.0701279571600192,0.000619567042392,0.0007434804509007,0.0397153259897023,0.0,0.0,0.0,0.0,0.0,0.0,0.0,0.0,1.0,59.708896062999685,0.7895494477122921,0.9671041639104282,1,16
-1,1,31118.1686286103,3.1666666665987577,55.05233796223482,2.609540415849889,2.431770040081951,0.7582667177105442,2.583419069771077,2.40117793936523,1.6490959107654648,0.5207671297265778,0.0397153259897023,0.0,0.0,0.0,0.0,0.0,0.0,0.0,0.0,0.0,300.0,0.7916395581698338,0.966962846187178,1,16
-1,1,31132.4428404787,3.166666666700621,13.961040503694765,4.476438869627499,4.253681145005747,1.3510497077294557,4.500030617385965,4.278324074522484,0.0184699919855457,0.0058326290480045,0.0397153259897023,0.0,0.0,0.0,0.0,0.0,0.0,0.0,0.0,0.0,300.0,0.833311646535867,0.9667919692384084,1,16
-1,1,31136.4428404787,4.0,797.5511424758173,0.0002333638783993,-4.4762055057491,-1.1249508434688218,0.0002272435106779,-4.499803373875287,-1.820822116257376,-0.4552055290643439,0.0397153259897023,0.0,0.0,0.0,0.0,0.0,0.0,0.0,0.0,0.0,300.0,0.7866493172286936,0.9666919645711308,1,16
-1,1,31226.4767853904,1.367278245401394,1442.194484466576,2.171968668200797,-2.509213697962462,-1.6945822907349375,2.182738487363385,-2.316965501164341,1.7334131530319823,1.267783758618277,0.0397153259897023,0.0,0.0,0.0,0.0,0.0,0.0,0.0,0.0,0.0,300.0,0.749319453782955,0.966577116143582,1,16
-1,1,31401.8093465574,4.0,160.18842326243634,1.4402881164084869,-0.5025884929103683,-0.1052907291517223,1.4679652664583915,-0.4211629166068895,-1.2835391695534668,-0.3208847923883667,0.0397153259897023,0.0,0.0,0.0,0.0,0.0,0.0,0.0,0.0,1.0,151.2675610132502,0.759455563026364,0.9664483103812538,1,16
-1,1,31412.3093465574,1.5,11.017417077386536,1.5368105235661074,0.0201005756245602,0.0,1.4679652664583915,0.0,-0.0202805734161324,-0.0135203822774216,0.0397153259897023,0.0,0.0,0.0,0.0,0.0,0.0,0.0,0.0,3.0,199.2623863093868,0.7675644504210912,0.9663367843023272,1,16
-1,1,31572.2382041539,3.4999999998981366,20.16359041220446,1.8288890797647823,0.0639132136616371,0.0,1.80669068733244,0.0,0.0065111502434,0.0018603286410255,0.0397153259897023,0.0,0.0,0.0,0.0,0.0,0.0,0.0,0.0,1.0,289.6493617816772,0.7740515603368731,0.966204778743432,1,16
-1,1,31574.0715374873,1.8333333334012425,11.198485258281488,1.790395640101414,-0.0384934396633682,0.0,1.80669068733244,0.0,-0.0048145075303542,-0.0026260950164596,0.0397153259897023,0.0,0.0,0.0,0.0,0.0,0.0,0.0,0.0,1.0,294.4654834429322,0.7792412482694985,0.9660883667833972,1,16
-1,1,31575.9048708206,1.8333333332993789,5.184562454251966,1.733231656092138,-0.0571639840092761,0.0,1.80669068733244,0.0,-0.0038664650218431,-0.0021089809210444,0.0397153259897023,0.0,0.0,0.0,0.0,0.0,0.0,0.0,0.0,0.0,300.0,0.7833929986155989,0.96597247882655,1,16
-1,1,31579.0715374873,3.166666666700621,5.045437977875258,1.802309805786284,0.0690781496941459,0.0,1.80669068733244,0.0,0.0032603784123188,0.0010295931828264,0.0397153259897023,0.0,0.0,0.0,0.0,0.0,0.0,0.0,0.0,0.0,300.0,0.8267143988924792,0.9658439422546248,1,16
-1,1,31580.4048708206,1.3333333332993789,9.489447702182192,1.850721357182261,0.048411551395977,0.0,1.80669068733244,0.0,0.0033134441449886,0.0024850831088047,0.0397153259897023,0.0,0.0,0.0,0.0,0.0,0.0,0.0,0.0,0.0,300.0,0.8213715191139834,0.965731604112244,1,16
-1,1,31590.2382041539,0.6666666666969832,9.221658191810276,1.7993344653490286,-0.0040929080709146,0.0,1.80669068733244,0.0,0.0015560781430004,0.0023341172143944,0.0397153259897023,0.0,0.0,0.0,0.0,0.0,0.0,0.0,0.0,0.0,300.0,0.8170972152911868,0.9656256063306924,1,16
-1,1,31592.4048708205,2.166666666602396,4.883064724889062,1.7986707385598977,-0.0006637267891309,0.0,1.80669068733244,0.0,-0.0104164944082487,-0.0048076128039497,0.0397153259897023,0.0,0.0,0.0,0.0,0.0,0.0,0.0,0.0,0.0,300.0,0.8536777722329496,0.9655061207310254,1,16
-1,1,31594.0715374872,1.6666666667006211,9.499647575804994,1.7792295793934385,-0.0194411591664591,0.0,1.80669068733244,0.0,0.0087359326044906,0.0052415595625876,0.0397153259897023,0.0,0.0,0.0,0.0,0.0,0.0,0.0,0.0,1.0,197.68983422925464,0.8429422177863598,0.9653912938178636,1,16
-1,1,31596.0715374872,2.0,0.5168056083493,1.7994496374438311,0.0202200580503926,0.0,1.80669068733244,0.0,0.0024238248212102,0.0012119124106051,0.0397153259897023,0.0,0.0,0.0,0.0,0.0,0.0,0.0,0.0,1.0,197.64200714414292,0.834353774229088,0.965273299321489,1,16
-1,1,31598.5715374872,2.5,19.96647099050661,1.889429578839397,0.0899799413955666,0.0,1.80669068733244,0.0,-0.0102834108294098,-0.0041133643317639,0.0397153259897023,0.0,0.0,0.0,0.0,0.0,0.0,0.0,0.0,1.0,200.44787388433787,0.8274830193832704,0.9651496814517534,1,16
-1,1,31599.4048708205,0.8333333332993789,11.044168268662826,1.816950923096111,-0.0724786557432868,0.0,1.80669068733244,0.0,0.0045105052574103,0.0054126063091129,0.0397153259897023,0.0,0.0,0.0,0.0,0.0,0.0,0.0,0.0,1.0,218.95720521056447,0.8219864155066164,0.9650421108229076,1,16
-1,1,31601.0715374872,1.6666666667006211,9.337958921043032,1.746814396510934,-0.070136526585177,0.0,1.80669068733244,0.0,0.0029681671694334,0.0017809003016238,0.0397153259897023,0.0,0.0,0.0,0.0,0.0,0.0,0.0,0.0,1.0,214.9454187425821,0.8175891324052932,0.9649275540362696,1,16
-1,1,31602.9048708205,1.8333333332993789,5.089843612898222,1.7362582414864975,-0.0105561550244364,0.0,1.80669068733244,0.0,0.0030446400768049,0.001660712769197,0.0397153259897023,0.0,0.0,0.0,0.0,0.0,0.0,0.0,0.0,1.0,210.19716851330017,0.8140713059242346,0.964811638335723,1,16
-1,1,31603.5715374872,0.6666666667006211,19.80566340364596,1.79341357148608,0.0571553299995823,0.0,1.80669068733244,0.0,-0.0009935335329651,-0.0014903002993718,0.0397153259897023,0.0,0.0,0.0,0.0,0.0,0.0,0.0,0.0,3.0,270.016688838066,0.8112570447393878,0.9647056602904844,1,16
-1,1,31604.0715374872,0.5,19.95523631234814,1.7680829508059488,-0.0253306206801311,0.0,1.80669068733244,0.0,0.0009378410442706,0.0018756820885412,0.0397153259897023,0.0,0.0,0.0,0.0,0.0,0.0,0.0,0.0,0.0,300.0,0.8090056357915103,0.9646012400831074,1,16
-1,1,31604.9048708205,0.8333333332993789,4.8670546447605645,1.8529119781788657,0.084829027372917,0.0,1.80669068733244,0.0,-0.0082808059355152,-0.0099369671230232,0.0397153259897023,0.0,0.0,0.0,0.0,0.0,0.0,0.0,0.0,0.0,300.0,0.8072045086332084,0.964493519616532,1,16
-1,1,31662.6760439173,1.3333333333030168,10.439393741837248,2.0847873371166035,0.3681751790883429,0.2940671579240771,2.1468600723312083,0.3920895438898544,0.0222107446739627,0.0166580585058508,0.0397153259897023,0.0,0.0,0.0,0.0,0.0,0.0,0.0,0.0,4.0,105.98932584778277,0.8057636069065668,0.9643796210342848,1,16
-1,1,31841.9434528531,0.1666666666969831,309.8965001865512,0.2358555810046634,-1.0736329335165649,-6.378306678784324,0.2368671374477106,-1.0630511133240883,1.526282568100049,9.157695406934518,0.0397153259897023,0.0,0.0,0.0,0.0,0.0,0.0,0.0,0.0,2.0,244.67114895850565,0.7646108855252535,0.9642794244879672,1,16
-1,1,31860.9384801215,3.161693935198855,600.0259180856935,0.4990291614335354,-4.029884774167729,-1.260776653044706,0.5135173372804108,-3.986189897571758,0.642975466874379,0.2033642345061268,0.0397153259897023,0.0,0.0,0.0,0.0,0.0,0.0,0.0,0.0,2.0,188.15729430017623,0.7316887084202028,0.9641715356006012,1,16
-1,1,31864.7767861863,3.838306064801145,1285.9897726608533,2.23205719153447,1.7330280301009344,0.4667210355282665,2.304935518518827,1.791418181238416,0.6922906952200241,0.1803635988199628,0.0397153259897023,0.0,0.0,0.0,0.0,0.0,0.0,0.0,0.0,2.0,138.33265287501644,0.7053509667361623,0.964028699007325,1,16
-1,1,31940.7687943364,0.6666666665987577,11.04101172654795,0.0151661920190468,-0.0005317167353112,0.0,0.0158310944307887,0.0,-0.0016339608982129,-0.0024509413475691,0.0397153259897023,0.0,0.0,0.0,0.0,0.0,0.0,0.0,0.0,1.0,192.42582670789707,0.7242807733889298,0.9639286484533516,1,16
-1,1,31942.1021276698,1.3333333334012425,17.623386981372885,0.3790148073960731,0.3638486153770262,0.2677287238778632,0.3728027262861209,0.3569716318553321,0.0082993236913591,0.0062244927682023,0.0397153259897023,0.0,0.0,0.0,0.0,0.0,0.0,0.0,0.0,1.0,175.1400009706776,0.739424618711144,0.9638261216879688,1,16
-1,1,31944.7687943364,2.6666666665987577,38.82865241518415,0.6326799461839605,0.2536651387878874,0.0865038594779252,0.6034796848880473,0.2306769586019263,-0.0197211969883461,-0.0073954488708181,0.0397153259897023,0.0,0.0,0.0,0.0,0.0,0.0,0.0,0.0,0.0,300.0,0.7515396949689153,0.9637176859553532,1,16
-1,1,31944.9354610031,0.1666666667006211,13.07211502389308,0.4128254622618027,-0.2198544839221577,-1.2373883012516091,0.3972483013040975,-0.2062313835839497,-0.0061984098491163,-0.0371904590871213,0.0397153259897023,0.0,0.0,0.0,0.0,0.0,0.0,0.0,0.0,0.0,300.0,0.7212317559751322,0.9636173419341348,1,16
-1,1,31986.408758475,2.0,10.332197734274752,4.40251583288091,-0.0870891115838885,-0.045304305444854,4.41121981559971,-0.0906086108897081,0.0066410219799735,0.0033205109899867,0.0397153259897023,0.0,0.0,0.0,0.0,0.0,0.0,0.0,0.0,1.0,178.9368620219712,0.7769854047801059,0.963473316775806,1,16
-1,1,32478.3719682873,2.166666666700621,3.742902812364428,1.5657334223427646,-0.1253171010608076,0.0,1.6302144740077011,0.0,0.0022313998510781,0.0010298768543276,0.0397153259897023,0.0,0.0,0.0,0.0,0.0,0.0,0.0,0.0,1.0,25.68845870657574,0.8215883238240849,0.9633563546637304,1,16
-1,1,32513.3719682872,2.631682520699542,256.8299924676744,0.2179881735274775,-0.7884596568143853,-0.295984921062377,0.222621868001425,-0.7789383431504914,-1.3353691628392863,-0.5074203108984151,0.0397153259897023,0.0,0.0,0.0,0.0,0.0,0.0,0.0,0.0,1.0,245.92625452518288,0.777270659059268,0.9632534862854004,1,16
-1,1,32514.8719682872,1.5,34.09884620844899,0.4903723107796799,0.2723841372522023,0.1861201086976536,0.5018020310479054,0.2791801630464804,0.028671954362156,0.0191146362414373,0.0397153259897023,0.0,0.0,0.0,0.0,0.0,0.0,0.0,0.0,3.0,215.95132649147675,0.7818165272474145,0.9631498084930696,1,16
-1,1,32515.0386349538,0.1666666665987577,3.905886646685144,0.5010269425550787,0.0106546317753988,0.0,0.5018020310479054,0.0,0.0026876097996497,0.016125658804469,0.0397153259897023,0.0,0.0,0.0,0.0,0.0,0.0,0.0,0.0,3.0,214.70186861864576,0.7854532217979316,0.9630493909706176,1,16
-1,1,32516.0386349538,1.0,12.789791154091557,0.2539001545094098,-0.2471267880456689,-0.2589219647520303,0.2428800662958751,-0.2589219647520303,-0.0001558957394869,-0.0001558957394869,0.0397153259897023,0.0,0.0,0.0,0.0,0.0,0.0,0.0,0.0,2.0,209.41575635158,0.7883625774383454,0.962948121469845,1,16
-1,1,32516.3719682872,0.3333333334012422,8.003288048584832,0.2481294815503184,-0.0057706729590913,0.0,0.2428800662958751,0.0,-0.0072240963990162,-0.0216722891926334,0.0397153259897023,0.0,0.0,0.0,0.0,0.0,0.0,0.0,0.0,2.0,213.37662791770825,0.7906900619506764,0.962847707920709,1,16
-1,1,32517.7053016205,1.3333333332993789,41.716953761438994,0.2373049101178128,-0.0108245714325056,-0.0092589406376997,0.2305348121125899,-0.0123452541832852,-0.0551261454224469,-0.0413446090678881,0.0397153259897023,0.0,0.0,0.0,0.0,0.0,0.0,0.0,0.0,2.0,194.698879246152,0.7925520495605411,0.9627461258879748,1,16
-1,1,32564.871968287,0.5,15.837575942239525,2.322436749775684,-0.0026216851611802,0.0,2.3029864839866048,0.0,0.0101713354750367,0.0203426709500735,0.0397153259897023,0.0,0.0,0.0,0.0,0.0,0.0,0.0,0.0,1.0,196.56539999671352,0.794041639648433,0.9626403197961004,1,16
-1,1,32566.0386349536,1.1666666665987575,7.82358165775431,2.5012618072298505,0.1788250574541665,0.1180799750630296,2.440746454885454,0.1377599708988492,-0.0087652941949265,-0.0075131093103743,0.0397153259897023,0.0,0.0,0.0,0.0,0.0,0.0,0.0,0.0,3.0,283.69110805978863,0.7952333117187464,0.9625257291022258,1,16
-1,1,32567.3719682869,1.3333333333030168,10.51309649681871,1.867580551693366,-0.6336812555364844,-0.4111422974293723,1.8925567249920887,-0.5481897298933653,0.0151047793855116,0.0113285845393913,0.0397153259897023,0.0,0.0,0.0,0.0,0.0,0.0,0.0,0.0,3.0,239.86050222339625,0.7961866493749973,0.9624132785652147,1,16
-1,1,32648.8410623382,1.6666666667006211,17.332696581027,0.1205298260304649,-0.2611147830790757,-0.1575705170433417,0.119752700685467,-0.2626175284109198,0.0153094408944411,0.0091856645364775,0.0397153259897023,0.0,0.0,0.0,0.0,0.0,0.0,0.0,0.0,0.0,300.0,0.7969493194999979,0.962312274149998,1,16
-1,1,32706.0077290046,3.6666666665987577,60.0000356975815,2.717554881130912,1.863825459875084,0.482882010525602,2.626705325921198,1.7705673718944153,-2.150053409593994,-0.5863782026274039,0.0397153259897023,0.0,0.0,0.0,0.0,0.0,0.0,0.0,0.0,1.0,23.78853664796887,0.7975594555999984,0.9621624523105116,1,16
-1,1,32707.6743956713,1.6666666667006211,44.58448508450003,0.8698362819655711,-1.8477185991653404,-1.0623404231150064,0.8561379540267826,-1.7705673718944153,2.1532541143812924,1.2919524686024548,0.0397153259897023,0.0,0.0,0.0,0.0,0.0,0.0,0.0,0.0,2.0,114.3219514325332,0.7980475644799988,0.9620552036748282,1,16
-1,1,32711.8410623379,4.166666666598758,63.87660949455029,1.0672404207755422,0.1974041388099711,0.0573972894323524,1.0952933266576867,0.2391553726309041,-1.4782916826052523,-0.354790003831043,0.0397153259897023,0.0,0.0,0.0,0.0,0.0,0.0,0.0,0.0,2.0,151.4711775626387,0.7984380515839992,0.9619329694993956,1,16
-1,1,32714.6743956713,2.8333333334012423,2.9031223894765565,1.0872142042235249,0.0199737834479827,0.0,1.0952933266576867,0.0,-0.011866757182648,-0.0041882672408342,0.0397153259897023,0.0,0.0,0.0,0.0,0.0,0.0,0.0,0.0,2.0,141.58502673810952,0.8387504412671993,0.9618175672981688,1,16
-1,1,32738.3410623378,3.0,44.34517404576083,0.7367124310373943,0.0361818149234441,0.0100953079960976,0.7205704899842984,0.0302859239882929,-0.0189723021468761,-0.0063241007156253,0.0397153259897023,0.0,0.0,0.0,0.0,0.0,0.0,0.0,0.0,1.0,19.024174662747992,0.8310003530137595,0.9617065166117033,1,16
-1,1,32825.2223401702,4.499999999898137,108.09731869700732,1.611889328439566,-0.9782642055081006,-0.2143927244496512,1.6158641992050042,-0.964767260001592,-1.5609639337666554,-0.34688087417822,0.0397153259897023,0.0,0.0,0.0,0.0,0.0,0.0,0.0,0.0,2.0,92.91064890792332,0.8248002824110077,0.9615702491018142,1,16
-1,1,32833.7223401702,1.3333333332993789,897.4189031053165,0.0,-1.9195864936689704,-1.458276648247137,0.0,-1.944368864280001,-0.0794405717625421,-0.0595804288234238,0.0397153259897023,0.0,0.0,0.0,0.0,0.0,0.0,0.0,0.0,1.0,217.2276374855396,0.7798402259288062,0.9614702491018142,1,16
-1,1,32849.7223401701,1.8333333332993789,252.98631697313945,2.139059138633283,-0.3871192127804077,-0.2361177410035047,2.147748934041521,-0.4328825251650747,-1.5317633283418048,-0.835507270020095,0.0397153259897023,0.0,0.0,0.0,0.0,0.0,0.0,0.0,0.0,1.0,251.4013007146178,0.743872180743045,0.9613506410597104,1,16
-1,1,32893.3890068366,1.5,644.5795225532707,0.0712249373128628,-1.877695151766924,-1.2554761982736171,0.0708342591303756,-1.8832142974104256,0.1457555873803722,0.0971703915869148,0.0397153259897023,0.0,0.0,0.0,0.0,0.0,0.0,0.0,0.0,1.0,156.05908026842138,0.715097744594436,0.9612501068726806,1,16
-1,1,32902.7223401699,4.0,478.8366671104686,2.392090037249972,0.8491226632778379,0.217019941164512,2.398159870097978,0.868079764658048,-0.4171521839429859,-0.1042880459857464,0.0397153259897023,0.0,0.0,0.0,0.0,0.0,0.0,0.0,0.0,3.0,154.00512281456292,0.6920781956755488,0.9611022650719356,1,16
-1,1,32903.7223401699,1.0,371.9756682556791,1.0138575433596049,-1.3782324938903672,-1.3797798497044207,1.0183800203935571,-1.3797798497044207,-0.0634022858411302,-0.0634022858411302,0.0397153259897023,0.0,0.0,0.0,0.0,0.0,0.0,0.0,0.0,3.0,224.4419407378101,0.673662556540439,0.9609971957842188,1,16
-1,1,32905.2223401699,1.5,81.5295515350437,2.903584843564875,1.88972730020527,1.247725889159888,2.889968854133389,1.8715888337398323,-2.9781433461535265,-1.9854288974356844,0.0397153259897023,0.0,0.0,0.0,0.0,0.0,0.0,0.0,0.0,2.0,167.54990562381022,0.6989300452323512,0.960875418897892,1,16
-1,1,32957.149026018,0.3333333332993788,8.88282987462493,0.2932648450378212,-0.0070005388857251,0.0,0.298631713592859,0.0,-0.0019470529285383,-0.00584115878621,0.0397153259897023,0.0,0.0,0.0,0.0,0.0,0.0,0.0,0.0,2.0,206.11828478114583,0.7191440361858811,0.9607749301231504,1,16
-1,1,32967.8156926846,3.9999999998981366,57.63071371594086,0.4796757518920209,0.3901100707537404,0.0942780379006213,0.4633864979681302,0.3771121515928817,-0.1224937781035451,-0.0306234445266661,0.0397153259897023,0.0,0.0,0.0,0.0,0.0,0.0,0.0,0.0,0.0,300.0,0.7353152289487049,0.9606653366081128,1,16
-1,1,32968.8156926846,1.0,14.552857722278809,0.8968647694994664,0.4171890176074455,0.4287021399518239,0.8920886379199541,0.4287021399518239,0.0024683695198763,0.0024683695198763,0.0397153259897023,0.0,0.0,0.0,0.0,0.0,0.0,0.0,0.0,0.0,300.0,0.748252183158964,0.9605608522842652,1,16
-1,1,32970.4823593513,1.6666666667006211,22.61812291839492,0.0014148843120834,-0.8954498851873829,-0.5344251520177357,0.0013800512055818,-0.8907085867143723,0.0159458434355466,0.009567506061133,0.0397153259897023,0.0,0.0,0.0,0.0,0.0,0.0,0.0,0.0,0.0,300.0,0.7586017465271713,0.9604608404935626,1,16
-1,1,32999.4823593512,1.5,10.614621714082586,0.3550739470568537,0.0053968422371004,0.0,0.3528811903908493,0.0,0.0019807639117743,0.0013205092745162,0.0397153259897023,0.0,0.0,0.0,0.0,0.0,0.0,0.0,0.0,1.0,130.51155785984466,0.7668813972217371,0.9603581774389598,1,16
-1,1,33002.1490260178,2.6666666666060337,35.79968780560124,4.466751622783573,4.111677675726719,1.5550934698462102,4.499797109886454,4.146915919495604,0.6371864084069503,0.2389449031580393,0.0397153259897023,0.0,0.0,0.0,0.0,0.0,0.0,0.0,0.0,0.0,300.0,0.7735051177773897,0.9601986207506572,1,16
-1,1,33004.1490260178,2.0,35.62545458276319,2.380754039634336,-2.085997583149237,-1.0565961880163786,2.3866047338536966,-2.113192376032757,2.3728929741734603,1.1864464870867302,0.0397153259897023,0.0,0.0,0.0,0.0,0.0,0.0,0.0,0.0,2.0,97.37594986895698,0.7788040942219119,0.960074813210261,1,16
-1,1,33004.4823593512,0.3333333333939663,18.322566481877026,2.3907992136672576,0.0100451740329217,0.0,2.3866047338536966,0.0,0.0081696898447547,0.024509069529806,0.0397153259897023,0.0,0.0,0.0,0.0,0.0,0.0,0.0,0.0,2.0,85.3947966374258,0.7830432753775296,0.9599708285449042,1,16
-1,1,33015.9823593511,2.1666666666060337,33.34737895828033,4.525165237527247,4.085461799062911,1.8670152819801893,4.499986815889274,4.045199777510541,1.3935612132662438,0.6431820984485732,0.0397153259897023,0.0,0.0,0.0,0.0,0.0,0.0,0.0,0.0,4.0,211.031423264672,0.7864346203020237,0.959821805921499,1,16
-1,1,33028.6563709192,3.50734490139439,523.194289680028,2.656666617743228,1.8828831359494789,0.5501112232072284,2.707803391957168,1.929429793915704,2.5173272252324006,0.7177301622750603,0.0397153259897023,0.0,0.0,0.0,0.0,0.0,0.0,0.0,0.0,2.0,248.4069720029196,0.749147696241619,0.9596752166909168,1,16
-1,1,33066.1490260176,4.0,31.436473142932368,0.5180674535876153,0.3817420927098342,0.1003821476455731,0.5361703598645764,0.4015285905822927,3.014431643599141,0.7536079108997853,0.0397153259897023,0.0,0.0,0.0,0.0,0.0,0.0,0.0,0.0,3.0,209.3716214744131,0.7593181569932953,0.959564855341845,1,16
-1,1,33278.4437558209,1.0,11.45628177620596,0.6809304409434869,0.5798140640201616,0.5788107061602626,0.6774589431293295,0.5788107061602626,-0.0130112081231281,-0.0130112081231281,0.0397153259897023,0.0,0.0,0.0,0.0,0.0,0.0,0.0,0.0,2.0,83.47724513854374,0.7674545255946363,0.9594614506896404,1,16
-1,1,33311.9437558208,4.0,92.18678802200024,1.406014747815951,1.1766257418762534,0.2901181498270682,1.3871454580366451,1.1604725993082727,-1.5998773368358827,-0.3999693342089707,0.0397153259897023,0.0,0.0,0.0,0.0,0.0,0.0,0.0,0.0,1.0,128.73772777272973,0.7739636204757091,0.959333330394684,1,16
-1,1,33383.0860649268,3.333333333299379,7.499063820267549,2.7124448098574083,-0.2393962947774648,0.0,2.850111548741425,0.0,0.0116962058329286,0.0035088617499143,0.0397153259897023,0.0,0.0,0.0,0.0,0.0,0.0,0.0,0.0,1.0,32.027426342843285,0.8191708963805673,0.9591881229811868,1,16
-1,1,33423.91939826,2.333333333299379,30.32150113731067,0.2143646146080606,-0.2602982063022731,-0.1163016149795513,0.2201531284614275,-0.2713704349483374,0.8834095079074089,0.3786040748229703,0.0397153259897023,0.0,0.0,0.0,0.0,0.0,0.0,0.0,0.0,0.0,300.0,0.8153367171044539,0.959085622060683,1,16
-1,1,33425.7527315933,1.8333333332993789,3.9781200796221374,0.2163273353923888,0.0019627207843282,0.0,0.2201531284614275,0.0,0.0012886995786902,0.0007029270429349,0.0397153259897023,0.0,0.0,0.0,0.0,0.0,0.0,0.0,0.0,0.0,300.0,0.8122693736835632,0.9589836390601086,1,16
-1,1,33453.0860649265,3.0,96.67156733131398,2.610550324053169,0.2306256952424865,0.0808446813377847,2.600038058281479,0.2425340440133543,1.197423134352631,0.3991410447842103,0.0397153259897023,0.0,0.0,0.0,0.0,0.0,0.0,0.0,0.0,4.0,94.49850845350174,0.8098154989468507,0.958844480805248,1,16
-1,1,33543.8284121226,1.0,5.753846431057095,0.5704122890495882,-0.8386838462836572,-0.8347208314708017,0.5706118611983668,-0.8347208314708017,-3.120103507090649,-3.120103507090649,0.0397153259897023,0.0,0.0,0.0,0.0,0.0,0.0,0.0,0.0,2.0,114.26354940855023,0.8078523991574806,0.9587416287438026,1,16
-1,1,33553.8284121226,1.0,12.448472153261983,0.2737468124938437,0.0656498126196893,0.0717987871106992,0.2702370170543926,0.0717987871106992,-0.0339144645117928,-0.0339144645117928,0.0397153259897023,0.0,0.0,0.0,0.0,0.0,0.0,0.0,0.0,2.0,178.87461385847487,0.8062819193259846,0.9586402600097402,1,16
-1,1,33556.3284121226,2.5,26.14679938403735,2.956215497519938,2.682468685026094,1.054127046262232,2.9055546327099724,2.6353176156555795,-0.064936717819898,-0.0259746871279592,0.0397153259897023,0.0,0.0,0.0,0.0,0.0,0.0,0.0,0.0,2.0,89.78845224210446,0.8050255354607877,0.9585033073160212,1,16
-1,1,33558.3284121226,2.0,9.717399371420662,2.728236038876372,-0.2279794586435666,-0.0530675868842762,2.79941945894142,-0.1061351737685525,-0.2303682520096641,-0.115184126004832,0.0397153259897023,0.0,0.0,0.0,0.0,0.0,0.0,0.0,0.0,2.0,94.87376634623143,0.8040204283686302,0.9583760249556325,1,16
-1,1,33575.8284121226,1.0,0.0933606121846893,1.916427859561118,-0.1279899950347722,0.0,1.986917221735588,0.0,0.0003434943043583,0.0003434943043583,0.0397153259897023,0.0,0.0,0.0,0.0,0.0,0.0,0.0,0.0,1.0,68.57274081944752,0.8032163426949043,0.9582664428163346,1,16
-1,1,33632.5723045114,2.743892388796666,213.0192811674159,0.2845660326796443,-1.2337791662400717,-0.4465541642498049,0.2735549456763065,-1.225296572470496,0.2003105902575495,0.0730023491720809,0.0397153259897023,0.0,0.0,0.0,0.0,0.0,0.0,0.0,0.0,2.0,143.58360465044095,0.7625730741559235,0.9581625387234788,1,16
-1,1,33632.9056378447,0.3333333332993788,22.822576428032697,0.2760157107169094,-0.0085503219627348,0.0,0.2735549456763065,0.0,0.0013922122655309,0.0041766367970184,0.0397153259897023,0.0,0.0,0.0,0.0,0.0,0.0,0.0,0.0,2.0,141.51852885773522,0.7300584593247388,0.9580620786972942,1,16
-1,1,33633.238971178,0.3333333332993788,4.170350483059574,0.2477498101473078,-0.0282659005696016,-0.0647459918209963,0.2519729484048394,-0.021581997271467,-0.0018129604242025,-0.0054388812731616,0.0397153259897023,0.0,0.0,0.0,0.0,0.0,0.0,0.0,0.0,2.0,142.2395942330267,0.744046767459791,0.957961665780944,1,16
-1,1,33650.238971178,4.0,43.72018081447545,0.214330904190331,-0.4518694130467595,-0.1188123018922222,0.2223308576138669,-0.475249207568889,-0.037417272362024,-0.009354318090506,0.0397153259897023,0.0,0.0,0.0,0.0,0.0,0.0,0.0,0.0,0.0,300.0,0.7552374139678328,0.9578573791628602,1,16
-1,1,33652.3284121226,2.089440944604576,324.18712983772605,0.2385931155224137,0.0242622113320827,0.0112604092201349,0.2458588176914198,0.0235279600775529,2.8092755181841023,1.3445106096146473,0.0397153259897023,0.0,0.0,0.0,0.0,0.0,0.0,0.0,0.0,0.0,300.0,0.7241899311742663,0.9577548865317368,1,16
-1,1,33656.5723045113,4.243892388694803,449.9249020954263,2.594993401255361,2.356400285732948,0.5527300129367743,2.591585512596976,2.345726694905556,0.5533455915310408,0.1303863389668136,0.0397153259897023,0.0,0.0,0.0,0.0,0.0,0.0,0.0,0.0,1.0,262.238009338493,0.6993519449394131,0.9575998221680152,1,16
-1,1,33798.2918980571,3.0,154.87567603586746,1.7953031464666689,0.8241526437925168,0.287126913911405,1.8446578918791816,0.8613807417342151,0.6041466714387589,0.2013822238129196,0.0397153259897023,0.0,0.0,0.0,0.0,0.0,0.0,0.0,0.0,0.0,300.0,0.7194815559515305,0.9574728926208184,1,16
-1,1,33799.2918980571,1.0,0.4574071960095818,1.831487543012401,0.0361843965457322,0.0,1.8446578918791816,0.0,0.0061164203672272,0.0061164203672272,0.0397153259897023,0.0,0.0,0.0,0.0,0.0,0.0,0.0,0.0,0.0,300.0,0.7355852447612244,0.9573637351831034,1,16
-1,1,33802.2918980571,3.0,1.0645588406905506,1.7986479495733474,-0.0328395934390535,0.0,1.8446578918791816,0.0,-0.0066517178191221,-0.0022172392730407,0.0397153259897023,0.0,0.0,0.0,0.0,0.0,0.0,0.0,0.0,1.0,218.1105449509908,0.7484681958089796,0.9572367554638596,1,16
-1,1,33851.2918980571,1.0,8.547895038500037,2.4106905851459306,1.0857901493092714,1.0489109171763975,2.4148379908067845,1.0489109171763975,0.1268829698401958,0.1268829698401958,0.0397153259897023,0.0,0.0,0.0,0.0,0.0,0.0,0.0,0.0,3.0,191.15275374052013,0.7587745566471837,0.957124702010934,1,16
-1,1,34002.0100133091,2.5,37.67201940518698,8.638189316029582e-05,-0.0802715930586526,-0.032873194399988,8.641096573627717e-05,-0.0821829859999702,1.627107377484978,0.6508429509939913,0.0397153259897023,0.0,0.0,0.0,0.0,0.0,0.0,0.0,0.0,1.0,3.923817409141436,0.767019645317747,0.9570247009311602,1,16
-1,1,34018.0100133091,2.5,10.26550846765804,3.286804529741641,0.1471612537017241,0.0,3.290822836387248,0.0,-0.0016270175128028,-0.0006508070051211,0.0397153259897023,0.0,0.0,0.0,0.0,0.0,0.0,0.0,0.0,1.0,29.95843364841374,0.8136157162541977,0.9568836158745384,1,16
-1,1,34094.632571165,3.5,102.61956294546296,0.2299499261841001,-1.235324542067756,-0.3502323212870974,0.2270579956271552,-1.225813124504841,-0.5790635888209712,-0.1654467396631346,0.0397153259897023,0.0,0.0,0.0,0.0,0.0,0.0,0.0,0.0,0.0,300.0,0.8108925730033583,0.9567795917508304,1,16
-1,1,34126.632571165,0.5,9.105984146450515,2.252021469219109,0.0168459943107306,0.0,2.21484885785191,0.0,0.0019916798237269,0.0039833596474538,0.0397153259897023,0.0,0.0,0.0,0.0,0.0,0.0,0.0,0.0,1.0,261.3564382232477,0.8087140584026867,0.9566739616971572,1,16
-1,1,34136.632571165,4.5,9.05083660552492,1.7746145669583022,0.0059381349875873,0.0,1.7226137030322053,0.0,-0.0014006970050313,-0.000311266001118,0.0397153259897023,0.0,0.0,0.0,0.0,0.0,0.0,0.0,0.0,1.0,164.4954070174081,0.8469712467221495,0.9565340328694006,1,16
-1,1,34333.6775708289,2.6666666665987577,17.7178191671755,0.93584916802145,-1.2010344347623896,-0.4510269590121175,0.9314652590985396,-1.202738557335018,-0.1834278765793713,-0.0687854537190159,0.0397153259897023,0.0,0.0,0.0,0.0,0.0,0.0,0.0,0.0,4.0,174.20532963280556,0.8375769973777197,0.956421554880494,1,16
-1,1,34336.0109041623,2.3333333334012423,7.775720409262121,0.3105025275621988,-0.6253466404592514,-0.266900383488409,0.3086976976074602,-0.6227675614910793,0.0185611874584723,0.007954794624828,0.0397153259897023,0.0,0.0,0.0,0.0,0.0,0.0,0.0,0.0,1.0,109.53138487376606,0.8300615979021758,0.9563179323510056,1,16
-1,1,34366.3442374955,1.3333333333939663,81.47129200635901,1.0323888964056152,1.0231910398561503,0.7777900434444625,1.0463393761966444,1.037053391306443,2.862464513110821,2.1468483847354887,0.0397153259897023,0.0,0.0,0.0,0.0,0.0,0.0,0.0,0.0,0.0,300.0,0.7840492783217407,0.9562110497583628,1,16
-1,1,34368.0109041621,1.6666666666060337,23.507223717972423,0.0786888693500694,-0.9537000270555458,-0.5801749941253689,0.0793810526895407,-0.9669583235071036,-0.0097146157873448,-0.0058287694726189,0.0397153259897023,0.0,0.0,0.0,0.0,0.0,0.0,0.0,0.0,0.0,300.0,0.7872394226573926,0.9561103940177847,1,16
-1,1,34371.0109041621,3.0,43.64596040069876,0.2009832946146813,0.1222944252646119,0.0404407938278576,0.2007034341731136,0.1213223814835729,-0.1557716559136963,-0.0519238853045654,0.0397153259897023,0.0,0.0,0.0,0.0,0.0,0.0,0.0,0.0,2.0,169.9694924650736,0.7897915381259141,0.9560073792683657,1,16
-1,1,34372.3442374954,1.3333333332993789,20.13300874189828,1.2142605071786623,1.0132772125639813,0.757627520207688,1.2108734610909728,1.010170026917859,-0.0085873675961494,-0.006440525697276,0.0397153259897023,0.0,0.0,0.0,0.0,0.0,0.0,0.0,0.0,4.0,186.1614854751381,0.7918332305007313,0.955899284198318,1,16
-1,1,34400.010904162,4.0,0.4685755197909333,0.0002723153685428,-3.607902656985651e-06,-2.446589480488427e-13,0.0002759031569088,-9.786357921953705e-13,0.0163791029199078,0.0040947757299769,0.0397153259897023,0.0,0.0,0.0,0.0,0.0,0.0,0.0,0.0,2.0,39.9820129628796,0.7934665844005852,0.9557992787520104,1,16
-1,1,34401.3442374953,1.3333333332993789,9.162352566364,0.0002829468561348,1.0631487592010484e-05,-1.0097484778910705e-12,0.0002759031555624,-1.346331303820475e-12,0.0108985542231532,0.008173915667573,0.0397153259897023,0.0,0.0,0.0,0.0,0.0,0.0,0.0,0.0,1.0,70.41646209967182,0.7947732675204682,0.9556992768656982,1,16
-1,1,34402.3442374953,1.0,0.2963225679935873,0.0002765713039176,-6.375552217178701e-06,-7.396337231915795e-13,0.0002759031548228,-7.396337231915795e-13,0.0008949557703883,0.0008949557703883,0.0397153259897023,0.0,0.0,0.0,0.0,0.0,0.0,0.0,0.0,1.0,70.71080416235506,0.7958186140163747,0.9555992754828416,1,16
-1,1,34421.0109041619,4.0,0.3584628310745488,0.0002863944811389,1.6639508934635525e-05,-8.520636453346333e-14,0.0002759031526195,-3.4082545813385333e-13,-0.0002698015327617,-6.745038319044827e-05,0.0397153259897023,0.0,0.0,0.0,0.0,0.0,0.0,0.0,0.0,0.0,300.0,0.7966548912130998,0.955499269754952,1,16
-1,1,34424.3442374952,3.333333333299379,8.794199450159928,0.000279637600079,-6.756881059874704e-06,-1.1115717721390518e-13,0.0002759031522489,-3.7052392404257617e-13,-0.0012074189983839,-0.0003622256995188,0.0397153259897023,0.0,0.0,0.0,0.0,0.0,0.0,0.0,0.0,0.0,300.0,0.79732391297048,0.9553992650943254,1,16
-1,1,34428.3442374952,4.0,5.691586200754378,1.0806832018030927,1.0804035642030136,0.2607221758415736,1.0431646065185434,1.0428887033662944,-0.0300565647153203,-0.00751414117883,0.0397153259897023,0.0,0.0,0.0,0.0,0.0,0.0,0.0,0.0,0.0,300.0,0.837859130376384,0.9552776514302892,1,16
-1,1,34455.9147915883,4.833333333299379,50.10787681992787,3.713776635342416,1.929333240745696,0.3926642320664001,3.706524692717128,1.8978771216409347,2.618404493435789,0.5417388607146587,0.0397153259897023,0.0,0.0,0.0,0.0,0.0,0.0,0.0,0.0,1.0,52.086472694231176,0.8302873043011073,0.9550879018282692,1,16
-1,1,34603.0559166236,1.5,12.199341018164809,0.618292953692516,0.0076196308939375,0.027454720378538,0.6385113487699006,0.041182080567807,0.0184180426836966,0.0122786951224644,0.0397153259897023,0.0,0.0,0.0,0.0,0.0,0.0,0.0,0.0,1.0,193.51554299130228,0.8242298434408859,0.9549832646311164,1,16
-1,1,34603.8892499569,0.8333333332993789,11.542206082283943,0.6367373507350095,0.0184443970424934,0.0,0.6385113487699006,0.0,-0.007760677442695,-0.0093128129316135,0.0397153259897023,0.0,0.0,0.0,0.0,0.0,0.0,0.0,0.0,1.0,184.0061297013919,0.8193838747527088,0.9548806115588218,1,16
-1,1,34605.7225832902,1.8333333332993789,24.577974573003445,0.1943428313819523,-0.4423945193530572,-0.2407558349860448,0.1971256513036598,-0.4413856974662407,0.001203723442444,0.0006565764231634,0.0397153259897023,0.0,0.0,0.0,0.0,0.0,0.0,0.0,0.0,1.0,293.3492637105245,0.8155070998021671,0.9547788300828676,1,16
-1,1,34615.8892499569,2.8333333333939663,31.953126577368582,0.0313587121126423,-0.1047488799182892,-0.0386282239457129,0.0307323159809094,-0.1094466345151955,0.0049400395938277,0.0017435433860195,0.0397153259897023,0.0,0.0,0.0,0.0,0.0,0.0,0.0,0.0,3.0,174.5299387079085,0.8124056798417337,0.954678385834446,1,16
-1,1,34619.0559166235,3.1666666666060337,333.1130510084427,0.3077186134253262,0.2763599013126839,0.0877329788131155,0.3085534155504557,0.2778210995695462,-0.030448170186017,-0.0096152116378737,0.0397153259897023,0.0,0.0,0.0,0.0,0.0,0.0,0.0,0.0,1.0,61.142868279349344,0.769924543873387,0.9545735136230667,1,16
-1,1,34619.5559166235,0.5,21.92774762353461,0.3157883824203429,0.0080697689950166,0.0,0.3085534155504557,0.0,0.0005906176183896,0.0011812352367792,0.0397153259897023,0.0,0.0,0.0,0.0,0.0,0.0,0.0,0.0,0.0,300.0,0.7759396350987097,0.9544727241521108,1,16
-1,1,34664.0559166233,1.0,57.34149653135665,2.2179403022371376,0.5202704144097485,0.5252451658915571,2.2168178172259814,0.5252451658915571,3.047891367037227,3.047891367037227,0.0397153259897023,0.0,0.0,0.0,0.0,0.0,0.0,0.0,0.0,0.0,300.0,0.7807517080789678,0.9543616344505996,1,16
-1,1,34706.0559166232,2.3333333334012423,11.853517842031287,0.6085686575258245,0.4842506910549567,0.2077980511443994,0.6071666362259547,0.4848621193510433,-0.0130685074960643,-0.0056007889267217,0.0397153259897023,0.0,0.0,0.0,0.0,0.0,0.0,0.0,0.0,1.0,32.420236241673635,0.7846013664631742,0.9542545344829284,1,16
-1,1,34709.0559166232,3.0,37.017485424552525,0.525717513873966,-0.0828511436518584,-0.0355174320052816,0.5006143402101096,-0.106552296015845,-0.018469264570216,-0.0061564215234053,0.0397153259897023,0.0,0.0,0.0,0.0,0.0,0.0,0.0,0.0,0.0,300.0,0.7876810931705395,0.95414664872022,1,16
-1,1,35014.1023659636,1.6666666667006211,20.921722805986047,2.58151070112976,0.9856757661110926,0.5959889255484645,2.590758779728874,0.993314875934344,0.0168428314571502,0.0101056988740842,0.0397153259897023,0.0,0.0,0.0,0.0,0.0,0.0,0.0,0.0,0.0,300.0,0.7901448745364317,0.9540251361310436,1,16
-1,1,35025.4356992968,4.9999999999054126,63.627340848996326,0.6680557759659809,0.5869491451039244,0.1168730832256807,0.6649946458337949,0.5843654161173488,0.0217047748898755,0.0043409549780572,0.0397153259897023,0.0,0.0,0.0,0.0,0.0,0.0,0.0,0.0,0.0,300.0,0.7921158996291454,0.9539084347366448,1,16
-1,1,35027.4356992968,2.0,25.84268142521064,0.0429800384212513,-0.6250757375447294,-0.3110930616701212,0.0428085224935523,-0.6221861233402425,-0.0007687171238019,-0.0003843585619009,0.0397153259897023,0.0,0.0,0.0,0.0,0.0,0.0,0.0,0.0,1.0,13.4128385334276,0.7936927197033165,0.9538080049362604,1,16
-1,1,35039.7690326301,3.6666666665987577,48.37542649832459,2.457898703046077,2.1228243051593645,0.5810396326651442,2.465995875996958,2.130478653066071,-0.003070654940311,-0.000837451347373,0.0397153259897023,0.0,0.0,0.0,0.0,0.0,0.0,0.0,0.0,2.0,125.87455032110424,0.7949541757626533,0.9536629434600388,1,16
-1,1,35040.7690326301,1.0,8.690890980700823,2.733298401763217,0.2753996987171394,0.2610158760901009,2.727011752087059,0.2610158760901009,-0.0009565510843394,-0.0009565510843394,0.0397153259897023,0.0,0.0,0.0,0.0,0.0,0.0,0.0,0.0,1.0,181.1515795681852,0.7959633406101226,0.95354927696803,1,16
-1,1,35070.1023659633,1.3333333332993789,14.027635836335396,0.5891492450429883,-0.17113322706054,-0.1315036691945526,0.5872083609974644,-0.1753382255882717,0.0041380101201955,0.0031035075902256,0.0397153259897023,0.0,0.0,0.0,0.0,0.0,0.0,0.0,0.0,1.0,37.65220867386485,0.7967706724880982,0.9534453493063966,1,16
-1,1,35071.4356992967,1.3333333334012425,1.5138019005107834,0.4776374838834425,-0.1115117611595457,-0.0815468439326494,0.4784792357483941,-0.1087291252490703,-0.0052439536956905,-0.0039329652715675,0.0397153259897023,0.0,0.0,0.0,0.0,0.0,0.0,0.0,0.0,2.0,62.04175527209247,0.7974165379904786,0.9533421650565038,1,16
-1,1,35075.4356992966,3.9999999998981366,51.0492435349293,0.28027204551508,-0.1973654383683624,-0.0500909652069698,0.278115374925617,-0.2003638608227771,0.0309973082730525,0.0077493270684604,0.0397153259897023,0.0,0.0,0.0,0.0,0.0,0.0,0.0,0.0,2.0,28.27676433666216,0.797933230392383,0.9532365596155936,1,16
-1,1,35079.4356992966,4.0,52.70028299142317,0.3719325278562403,0.0916604823411603,0.0227986370434447,0.369309923099396,0.0911945481737789,-0.0143683750797096,-0.0035920937699274,0.0397153259897023,0.0,0.0,0.0,0.0,0.0,0.0,0.0,0.0,2.0,180.33848189362567,0.7983465843139065,0.9531291209650364,1,16
-1,1,36313.321095951,4.5,76.15154629114352,0.9351972965173628,-2.6756072137859137,-0.6331615766990267,0.9291931298605578,-2.84922709514562,-1.5762766083765831,-0.3502836907503518,0.0397153259897023,0.0,0.0,0.0,0.0,0.0,0.0,0.0,0.0,2.0,147.22327610638476,0.7986772674511252,0.9530080790258648,1,16
-1,1,36314.1544292844,0.8333333333939663,14.507833518100412,0.0596552386916099,-0.8755420578257528,-1.0437648811787368,0.0593890621483239,-0.8698040677122338,0.0144938848624009,0.0173926618336157,0.0397153259897023,0.0,0.0,0.0,0.0,0.0,0.0,0.0,0.0,3.0,169.04111055540804,0.7989418139609002,0.9529078304623704,1,16
-1,1,36316.6544292844,2.5,54.947390001731925,2.851792997611716,2.7921377589201057,1.109779048247305,2.833836682766586,2.774447620618263,0.0230887789081197,0.0092355115632479,0.0397153259897023,0.0,0.0,0.0,0.0,0.0,0.0,0.0,0.0,3.0,189.81582950805395,0.7991534511687203,0.9527721830499,1,16
-1,1,36318.1544292843,1.4999999999054126,10.22063200239701,3.6231065172981127,0.7713135196863972,0.518481735421311,3.611559285849512,0.7777226030829247,0.0124962494097804,0.0083308329403789,0.0397153259897023,0.0,0.0,0.0,0.0,0.0,0.0,0.0,0.0,1.0,194.93290304875785,0.7993227609349763,0.952645009751022,1,16
-1,1,36320.6544292843,2.5,17.17580301355542,3.609788812350325,-0.0133177049477879,0.0,3.611559285849512,0.0,0.0159747729312549,0.0063899091725019,0.0397153259897023,0.0,0.0,0.0,0.0,0.0,0.0,0.0,0.0,0.0,300.0,0.7994582087479811,0.9524998873908678,1,16
-1,1,36322.821095951,2.166666666700621,8.92156575323442,3.632376137111818,0.0225873247614933,0.0,3.611559285849512,0.0,-0.0051557647835211,-0.0023795837462032,0.0397153259897023,0.0,0.0,0.0,0.0,0.0,0.0,0.0,0.0,1.0,37.85405504141506,0.8395665669983849,0.9523605366493818,1,16
-1,1,36358.1544292842,2.0,0.2113377233807192,2.101747036223164,0.017415920591592,0.0,2.192941541115436,0.0,0.0082340294581308,0.0041170147290654,0.0397153259897023,0.0,0.0,0.0,0.0,0.0,0.0,0.0,0.0,0.0,300.0,0.831653253598708,0.9522395191790196,1,16
-1,1,36360.1544292842,2.0,0.26202252213426,2.1140356688613293,0.0122886326381657,0.0,2.192941541115436,0.0,0.0147217202618517,0.0073608601309258,0.0397153259897023,0.0,0.0,0.0,0.0,0.0,0.0,0.0,0.0,0.0,300.0,0.8253226028789665,0.952118378822331,1,16
-1,1,36361.1544292842,1.0,0.1659822563444238,2.242167020612353,0.1281313517510236,0.0,2.192941541115436,0.0,-0.0196705122630898,-0.0196705122630898,0.0397153259897023,0.0,0.0,0.0,0.0,0.0,0.0,0.0,0.0,1.0,109.76798272563872,0.8202580823031733,0.9520071679872278,1,16
-1,1,36363.1544292842,2.0,0.4026148634832507,2.2857145449166807,0.0435475243043277,0.0,2.192941541115436,0.0,0.0169831919195662,0.0084915959597831,0.0397153259897023,0.0,0.0,0.0,0.0,0.0,0.0,0.0,0.0,1.0,109.99928975178734,0.8162064658425388,0.9518843108417788,1,16
-1,1,36364.1544292842,1.0,0.0376524429511341,2.26874226403343,-0.0169722808832508,0.0,2.192941541115436,0.0,-0.0143351197879142,-0.0143351197879142,0.0397153259897023,0.0,0.0,0.0,0.0,0.0,0.0,0.0,0.0,1.0,109.96220061622496,0.8129651726740311,0.9517729671304586,1,16
-1,1,36367.1544292841,2.9999999998981366,0.2835811417917196,2.116702685712499,-0.1520395783209309,0.0,2.192941541115436,0.0,0.0071077103509371,0.0023692367837261,0.0397153259897023,0.0,0.0,0.0,0.0,0.0,0.0,0.0,0.0,0.0,300.0,0.8103721381392249,0.951641216590174,1,16
-1,1,36374.8210959508,1.3333333332993789,66.7911398920103,2.1439861292121747,1.5187719461075555,1.1658949320308976,2.192941541115436,1.5545265760016094,-0.434559780751564,-0.3259198355719728,0.0397153259897023,0.0,0.0,0.0,0.0,0.0,0.0,0.0,0.0,0.0,300.0,0.80829771051138,0.951526923349313,1,16
-1,1,36375.1544292841,0.3333333332993788,7.872861934643415,2.286720127444908,0.1427339982327331,0.0,2.192941541115436,0.0,-0.0222818998193754,-0.0668456994649354,0.0397153259897023,0.0,0.0,0.0,0.0,0.0,0.0,0.0,0.0,0.0,300.0,0.8066381684091041,0.9514231121491008,1,16
-1,1,36376.1544292841,1.0,0.0842007989521146,2.208261200950425,-0.0784589264944828,0.0,2.192941541115436,0.0,0.0323927675989308,0.0323927675989308,0.0397153259897023,0.0,0.0,0.0,0.0,0.0,0.0,0.0,0.0,1.0,15.535472364224912,0.8053105347272833,0.951312070843096,1,16
-1,1,36438.4877626172,0.6666666667006211,8.452707453104722,4.321809405328181,0.0752655302150335,0.0,4.319906848382528,0.0,-0.004275512503459,-0.0064132687548619,0.0397153259897023,0.0,0.0,0.0,0.0,0.0,0.0,0.0,0.0,0.0,300.0,0.8042484277818267,0.9511976648117444,1,16
-1,1,36439.8210959505,1.3333333332993789,8.615657911132287,4.251019611345272,-0.0707897939829091,0.0,4.319906848382528,0.0,-2.9533295537564896e-05,-2.214997165373774e-05,0.0397153259897023,0.0,0.0,0.0,0.0,0.0,0.0,0.0,0.0,1.0,208.7531574416184,0.8033987422254615,0.9510693246810028,1,16
-1,1,36442.9877626172,3.166666666700621,28.25092731238824,0.1807300075608291,-4.070289603784443,-1.3063936004281385,0.1829937803157317,-4.1369130680667965,-0.0094263114647765,-0.0029767299362133,0.0397153259897023,0.0,0.0,0.0,0.0,0.0,0.0,0.0,0.0,2.0,108.5806558122417,0.8027189937803693,0.9509664631225496,1,16
-1,1,36445.4877626172,2.5,36.23636526829624,4.255203329870935,4.074473322310106,1.6547652272267186,4.319906848382528,4.1369130680667965,0.010396347410833,0.0041585389643332,0.0397153259897023,0.0,0.0,0.0,0.0,0.0,0.0,0.0,0.0,2.0,102.53746931350246,0.8021751950242955,0.9508132730809262,1,16
-1,1,36448.8210959505,3.333333333299379,8.388933946906903,4.446493778514437,0.1912904486435023,0.0,4.319906848382528,0.0,0.0012877243644422,0.0003863173093366,0.0397153259897023,0.0,0.0,0.0,0.0,0.0,0.0,0.0,0.0,2.0,85.26055122095521,0.8417401560194364,0.9506391648512852,1,16
-1,1,36473.189375993,2.166666666700621,788.5864135397112,0.0,-0.0001451373857829,-6.77090173446295e-05,0.0,-0.0001467028709156,0.081755784465618,0.03773343898354,0.0397153259897023,0.0,0.0,0.0,0.0,0.0,0.0,0.0,0.0,0.0,300.0,0.7933921248155492,0.9505391648512852,1,16
-1,1,36475.689375993,2.5,355.9424500260138,0.1383251117673588,0.1383251117673588,0.0551635443346798,0.1379088608366996,0.1379088608366996,-3.1044932025741208,-1.2417972810296485,0.0397153259897023,0.0,0.0,0.0,0.0,0.0,0.0,0.0,0.0,1.0,239.8277502002537,0.7547136998524394,0.950437435787388,1,16
-1,1,36485.5227093263,3.166666666700621,319.5605377743322,1.0223735457345182,1.0220157174576494,0.3227500491876564,1.0224085814171358,1.0220418224385373,-1.527527762718488,-0.4823771882217186,0.0397153259897023,0.0,0.0,0.0,0.0,0.0,0.0,0.0,0.0,0.0,300.0,0.7237709598819516,0.9503212482062472,1,16
-1,1,36489.5227093262,3.9999999998981366,541.2280206539372,4.111186186085424,3.0888126403509064,0.7759223984263376,4.126098175043448,3.103689593626312,-0.0264883917466862,-0.0066220979368402,0.0397153259897023,0.0,0.0,0.0,0.0,0.0,0.0,0.0,0.0,1.0,134.0537476827482,0.6990167679055613,0.9501390244825274,1,16
-1,1,36494.1893759929,4.666666666700621,384.17591560385256,0.0010724205921658,-4.110113765493258,-0.8839352428037203,0.0010670419294069,-4.1250311331140415,0.0832886377160031,0.0178475652247279,0.0397153259897023,0.0,0.0,0.0,0.0,0.0,0.0,0.0,0.0,1.0,170.66702442081493,0.679213414324449,0.9500389994593802,1,16
-1,1,36498.0227093262,3.833333333299379,472.96718155264574,1.7605619341640364,1.7594895135718709,0.4612849152938394,1.769325883873462,1.768258841944055,-0.1226802926512444,-0.0320035546049559,0.0397153259897023,0.0,0.0,0.0,0.0,0.0,0.0,0.0,0.0,2.0,134.83651647465308,0.6633707314595593,0.9499052553556424,1,16
-1,1,36499.0227093262,1.0,553.8282337673489,7.303806758826653e-06,-1.7605546303572777,-1.7693185813836594,7.302489802650808e-06,-1.7693185813836594,3.1195224235609853,3.1195224235609853,0.0397153259897023,0.0,0.0,0.0,0.0,0.0,0.0,0.0,0.0,1.0,23.626326325920928,0.6506965851676474,0.9498052553191234,1,16
-1,1,36502.3560426595,3.333333333299379,0.8798233903458786,7.031149121541856e-06,-2.7265763728479737e-07,0.0,7.302489802650808e-06,0.0,0.0154648124156908,0.0046394437247545,0.0397153259897023,0.0,0.0,0.0,0.0,0.0,0.0,0.0,0.0,1.0,238.6558739030428,0.680557268134118,0.9497052552019376,1,16
-1,1,36504.5227093262,2.166666666700621,78.14137198645683,0.0293330684219881,0.0293260372728666,0.0135057829238839,0.0292698321586765,0.0292625296688738,-3.0462834553011016,-1.4059769793477055,0.0397153259897023,0.0,0.0,0.0,0.0,0.0,0.0,0.0,0.0,1.0,162.0132318648081,0.7044458145072945,0.9496049374270296,1,16
-1,1,36505.0227093262,0.5,459.5647383425037,2.55285415607671,2.5235210876547223,5.122265149323537,2.590402406820445,2.5611325746617686,-1.7978339814243487,-3.5956679628486974,0.0397153259897023,0.0,0.0,0.0,0.0,0.0,0.0,0.0,0.0,1.0,299.65400977103445,0.6835566516058356,0.9494985552916396,1,16
-1,1,36509.3560426595,4.333333333299379,61.09000039969997,0.0207809350870693,-2.5320732209896413,-0.5929883117632017,0.0207863892000389,-2.569616017620406,1.3843623714879634,0.3194682395766486,0.0397153259897023,0.0,0.0,0.0,0.0,0.0,0.0,0.0,0.0,0.0,300.0,0.7068453212846685,0.949398105038046,1,16
-1,1,37360.0450630138,2.333333333299379,34.73565379002752,0.559952567698203,-0.3778871199498149,-0.1507639376753765,0.5761817213693741,-0.351782521237426,0.0321700856039885,0.0137871795447671,0.0397153259897023,0.0,0.0,0.0,0.0,0.0,0.0,0.0,0.0,2.0,23.02897068581381,0.7254762570277349,0.9492915722580896,1,16
-1,1,37419.0450630136,3.666666666693345,62.417217254658816,0.2480155916521033,-0.3309154539543659,-0.0909216943971462,0.2446857129066519,-0.3333795461252952,0.0255433667385016,0.0069663727468134,0.0397153259897023,0.0,0.0,0.0,0.0,0.0,0.0,0.0,0.0,0.0,300.0,0.740381005622188,0.949187025305576,1,16
-1,1,37421.3783963469,2.333333333306655,8.441455402133663,0.2514208728564793,0.0034052812043759,0.0,0.2446857129066519,0.0,0.0039159303179987,0.00167825585059,0.0397153259897023,0.0,0.0,0.0,0.0,0.0,0.0,0.0,0.0,0.0,300.0,0.7523048044977505,0.9490840920620592,1,16
-1,1,37422.3783963469,1.0,0.2332746169572211,0.2397931539957278,-0.0116277188607515,0.0,0.2446857129066519,0.0,-0.0077830150683926,-0.0077830150683926,0.0397153259897023,0.0,0.0,0.0,0.0,0.0,0.0,0.0,0.0,1.0,9.860482565893795,0.8018438435982005,0.9489828930962892,1,16
-1,1,37423.0450630136,0.6666666666933452,61.50595461656984,0.40458857121561,0.1647954172198822,0.2267963158582726,0.3958832568182176,0.1511975439115656,0.4310192370153061,0.6465288554970865,0.0397153259897023,0.0,0.0,0.0,0.0,0.0,0.0,0.0,0.0,1.0,54.22146949386802,0.7614750748785605,0.9488815444677184,1,16
-1,1,37533.7220912974,2.9999999998981366,950.8012273345586,2.57167865756736,1.9921606579365327,0.657022339280453,2.555507517421084,1.9710670177744325,0.2895998867077765,0.0965332955725365,0.0397153259897023,0.0,0.0,0.0,0.0,0.0,0.0,0.0,0.0,0.0,300.0,0.7291800599028484,0.9487429692878564,1,16
-1,1,37535.7220912974,2.0,578.6449289354255,1.5655991795658042,-1.0060794780015558,-0.5004631409398377,1.554581235541408,-1.0009262818796754,1.9587210655470697,0.9793605327735349,0.0397153259897023,0.0,0.0,0.0,0.0,0.0,0.0,0.0,0.0,0.0,300.0,0.7033440479222788,0.9486273132960606,1,16
-1,1,37535.8887579641,0.1666666667006211,8.57899029588742,1.59775553216364,0.0321563525978358,0.0,1.554581235541408,0.0,0.0027621388941891,0.0165728333617588,0.0397153259897023,0.0,0.0,0.0,0.0,0.0,0.0,0.0,0.0,0.0,300.0,0.7226752383378231,0.9485259818331168,1,16
-1,1,37538.0554246308,2.166666666700621,714.7255675267152,2.432709189016658,0.8349536568530178,0.3588526256573219,2.332095257811124,0.7775140222697154,-2.476320700333515,-1.1429172462898651,0.0397153259897023,0.0,0.0,0.0,0.0,0.0,0.0,0.0,0.0,1.0,226.713268127869,0.6981401906702585,0.9483996274835688,1,16
-1,1,37541.7220912974,3.6666666665987577,615.3922943897153,1.5048466410263517,-0.9278625479903062,-0.227422528945919,1.498212651691531,-0.8338826061195923,-1.5671513651836304,-0.4274049177852695,0.0397153259897023,0.0,0.0,0.0,0.0,0.0,0.0,0.0,0.0,0.0,300.0,0.6785121525362068,0.948272038628484,1,16
-1,1,37542.0554246308,0.3333333334012422,7.490766806447648,1.5124669675702127,0.007620326543861,0.0,1.498212651691531,0.0,0.0094090824115773,0.0282272472289813,0.0397153259897023,0.0,0.0,0.0,0.0,0.0,0.0,0.0,0.0,0.0,300.0,0.7028097220289655,0.948169517850204,1,16
-1,1,37543.8887579641,1.8333333332993789,648.5996889862738,1.1051631699250242,-0.4073037976451885,-0.1997297554999935,1.132041433281658,-0.3661712184098731,-2.590626053540253,-1.4130687565026727,0.0397153259897023,0.0,0.0,0.0,0.0,0.0,0.0,0.0,0.0,0.0,300.0,0.6822477776231725,0.9480593871878132,1,16
-1,1,37544.0554246307,0.1666666665987577,4.083932766443267,1.0824184312320608,-0.0227447386929633,0.0,1.132041433281658,0.0,0.0086220065042765,0.0517320390467378,0.0397153259897023,0.0,0.0,0.0,0.0,0.0,0.0,0.0,0.0,0.0,300.0,0.705798222098538,0.9479584851724542,1,16
-1,1,37547.0554246307,3.0,350.5985856470704,1.1963720482929687,0.1139536170609079,0.0257230251704189,1.2092105087929148,0.0771690755112568,-0.4053674094232233,-0.1351224698077411,0.0397153259897023,0.0,0.0,0.0,0.0,0.0,0.0,0.0,0.0,2.0,189.3806796704252,0.6846385776788304,0.94784053959173,1,16
-1,1,37547.7220912974,0.6666666667006211,597.1092024753643,2.1654121953468524,0.9690401470538836,1.605953822830519,2.279846390734457,1.070635881941542,0.0207834924295875,0.0311752386427935,0.0397153259897023,0.0,0.0,0.0,0.0,0.0,0.0,0.0,0.0,0.0,300.0,0.6677108621430643,0.9477333215510784,1,16
-1,1,37549.0554246307,1.3333333332993789,1268.571167823104,2.164431333272358,-0.0009808620744942,-0.0743093095304252,2.18076731136308,-0.0990790793713771,-1.8753845649560104,-1.4065384237528264,0.0397153259897023,0.0,0.0,0.0,0.0,0.0,0.0,0.0,0.0,0.0,300.0,0.6541686897144514,0.9476188920088569,1,16
-1,1,37551.8887579641,2.8333333334012423,1261.3492889791628,1.405979191601568,-0.7584521416707901,-0.2829996571199752,1.3789349495039316,-0.8018323618591481,0.8580232527788842,0.3028317362676421,0.0397153259897023,0.0,0.0,0.0,0.0,0.0,0.0,0.0,0.0,0.0,300.0,0.6433349517715612,0.9474989739703088,1,16
-1,1,37554.388757964,2.4999999998981366,522.1191237470783,1.3203803745225082,-0.0855988170790598,-0.0246614054106249,1.3172814359798812,-0.0616535135240503,2.6129434540369,1.0451773816573462,0.0397153259897023,0.0,0.0,0.0,0.0,0.0,0.0,0.0,0.0,4.0,193.0189527607841,0.634667961417249,0.947382469215628,1,16
-1,1,37555.888757964,1.5,628.5103974765249,1.6541548396282026,0.3337744651056944,0.1944954641323195,1.6090246321783606,0.2917431961984793,2.571306547062824,1.7142043647085494,0.0397153259897023,0.0,0.0,0.0,0.0,0.0,0.0,0.0,0.0,0.0,300.0,0.6277343691337992,0.9472700630543308,1,16
-1,1,37585.2220912972,4.333333333299379,51.04587122335608,0.2642784337594342,-0.3847951461293235,-0.0968642291613421,0.2572750105668218,-0.4197449930291935,-0.0750431411959495,-0.0173176479684317,0.0397153259897023,0.0,0.0,0.0,0.0,0.0,0.0,0.0,0.0,0.0,300.0,0.6621874953070395,0.9471643370215992,1,16
-1,1,38085.3969351622,4.833333333299379,8.747897862345239,1.410837775221886,-0.0001369898544898,0.0,1.4136509393896912,0.0,-0.0055763450491803,-0.0011537265619074,0.0397153259897023,0.0,0.0,0.0,0.0,0.0,0.0,0.0,0.0,2.0,55.549252828917936,0.7297499962456315,0.947030241775365,1,16
-1,1,38589.6711369496,4.5,8.473835117706185,3.648753843805645,-0.0725304879955754,0.0,3.632415601991781,0.0,0.0008158384721208,0.000181297438249,0.0397153259897023,0.0,0.0,0.0,0.0,0.0,0.0,0.0,0.0,0.0,300.0,0.7837999969965053,0.9468481448138794,1,16
-1,1,38593.6711369496,4.0,0.5275666869315752,3.722354258355797,0.0736004145501523,0.0,3.632415601991781,0.0,0.0043839983957587,0.0010959995989396,0.0397153259897023,0.0,0.0,0.0,0.0,0.0,0.0,0.0,0.0,1.0,8.168667351800948,0.7870399975972043,0.946673697728712,1,16
-1,1,38594.5044702829,0.8333333332993789,8.607037945246914,3.455375700867572,-0.2669785574882253,0.0,3.632415601991781,0.0,-0.0077206274655816,-0.0092647529590754,0.0397153259897023,0.0,0.0,0.0,0.0,0.0,0.0,0.0,0.0,1.0,3.024958873244078,0.7896319980777635,0.9465593003299592,1,16
-1,1,38595.1711369495,0.6666666666060337,15.742341240829074,3.760294085519999,0.3049183846524266,0.0,3.632415601991781,0.0,0.0041867995417943,0.0062801993132627,0.0397153259897023,0.0,0.0,0.0,0.0,0.0,0.0,0.0,0.0,1.0,16.11921672616718,0.7917055984622109,0.946446766016342,1,16
-1,1,38599.0044702829,3.8333333333939663,3.037152609140854,3.707012474977068,-0.0532816105429305,0.0,3.632415601991781,0.0,-0.0075689644053733,-0.0019745124535444,0.0397153259897023,0.0,0.0,0.0,0.0,0.0,0.0,0.0,0.0,0.0,300.0,0.7933644787697688,0.9462757149439036,1,16
-1,1,38601.1711369495,2.1666666666060337,3.050867653207092,3.623883155803611,-0.083129319173457,0.0,3.632415601991781,0.0,0.0074562249491223,0.0034413345919989,0.0397153259897023,0.0,0.0,0.0,0.0,0.0,0.0,0.0,0.0,0.0,300.0,0.7946915830158151,0.946136456209717,1,16
-1,1,38603.5044702828,2.333333333299379,15.71460390691494,3.488389091885224,-0.1354940639183874,0.0,3.632415601991781,0.0,0.0002196216111531,9.412354763844972e-05,0.0397153259897023,0.0,0.0,0.0,0.0,0.0,0.0,0.0,0.0,0.0,300.0,0.7957532664126522,0.9459957583369788,1,16
-1,1,38604.5044702828,1.0,0.2659870020568179,3.526797751399648,0.0384086595144244,0.0,3.632415601991781,0.0,-0.0081842084007113,-0.0081842084007113,0.0397153259897023,0.0,0.0,0.0,0.0,0.0,0.0,0.0,0.0,0.0,300.0,0.7966026131301218,0.945878124348222,1,16
-1,1,38607.0044702828,2.5,15.867634190146395,3.650302772677693,0.1235050212780444,0.0,3.632415601991781,0.0,0.0110584280711156,0.0044233712284462,0.0397153259897023,0.0,0.0,0.0,0.0,0.0,0.0,0.0,0.0,0.0,300.0,0.7972820905040975,0.9457324955635634,1,16
-1,1,38610.3378036161,3.333333333299379,7.88644926808087,3.771915752066114,0.1216129793884217,0.0,3.632415601991781,0.0,-0.0118488248815196,-0.003554647464492,0.0397153259897023,0.0,0.0,0.0,0.0,0.0,0.0,0.0,0.0,0.0,300.0,0.837825672403278,0.9455696303010296,1,16
-1,1,38611.0044702828,0.6666666667006211,7.557259355382917,3.585681171334824,-0.1862345807312904,0.0,3.632415601991781,0.0,-0.0003741466562678,-0.0005612199843732,0.0397153259897023,0.0,0.0,0.0,0.0,0.0,0.0,0.0,0.0,0.0,300.0,0.8302605379226224,0.945457678030458,1,16
-1,1,38613.1711369495,2.166666666700621,3.0226189774342145,3.61634719049549,0.030666019160666,0.0,3.632415601991781,0.0,0.001363016646203,0.00062908460593,0.0397153259897023,0.0,0.0,0.0,0.0,0.0,0.0,0.0,0.0,0.0,300.0,0.824208430338098,0.9453185009358936,1,16
-1,1,38613.8378036161,0.6666666665987577,8.112636415579255,3.478018692321907,-0.1383284981735828,0.0,3.632415601991781,0.0,0.0073992468903463,0.01109887033665,0.0397153259897023,0.0,0.0,0.0,0.0,0.0,0.0,0.0,0.0,0.0,300.0,0.8193667442704785,0.9452069075402536,1,16
-1,1,38708.4904778327,4.666666666606034,87.25923062952153,1.363855208683353,1.1187986330637631,0.2289007245682527,1.3148247272464888,1.0682033813046337,1.6097473411172505,0.3449458588153212,0.0397153259897023,0.0,0.0,0.0,0.0,0.0,0.0,0.0,0.0,0.0,300.0,0.8154933954163829,0.9450750842520514,1,16
-1,1,38709.4904778327,1.0,10.543641822860458,1.2524562454104489,-0.1113989632729042,-0.0147041789429949,1.300120548303494,-0.0147041789429949,-0.0017923113787485,-0.0017923113787485,0.0397153259897023,0.0,0.0,0.0,0.0,0.0,0.0,0.0,0.0,0.0,300.0,0.8123947163331063,0.9449688219708244,1,16
-1,1,38710.4904778327,1.0,13.059521871174995,1.113457671989848,-0.1389985734206009,-0.2129409132698876,1.0871796350336065,-0.2129409132698876,-0.0035207977101547,-0.0035207977101547,0.0397153259897023,0.0,0.0,0.0,0.0,0.0,0.0,0.0,0.0,1.0,226.8602452296258,0.8099157730664851,0.9448632546824643,1,16
-1,1,38712.4904778327,2.0,23.157254182506453,0.8402227168362927,-0.2732349551535552,-0.1062918181041076,0.8745959988253911,-0.2125836362082152,-0.1421647088186706,-0.0710823544093353,0.0397153259897023,0.0,0.0,0.0,0.0,0.0,0.0,0.0,0.0,2.0,113.25868726487327,0.8079326184531882,0.944754852455296,1,16
-1,1,38753.9904778325,0.6666666665987577,23.681860634320632,2.2674241510087665,1.727325439101532,2.4777909389378063,2.195400010729072,1.6518606257902737,-0.0010032908262909,-0.0015049362395896,0.0397153259897023,0.0,0.0,0.0,0.0,0.0,0.0,0.0,0.0,2.0,162.80538816092195,0.8063460947625506,0.9446472943747936,1,16
-1,1,38755.9904778325,2.0,16.808071525447712,3.174443302379895,0.9070191513711284,0.4765447575308337,3.148489525790739,0.9530895150616674,-0.0259994989286918,-0.0129997494643459,0.0397153259897023,0.0,0.0,0.0,0.0,0.0,0.0,0.0,0.0,1.0,36.86618295206324,0.8050768758100405,0.9445155499417698,1,16
-1,1,38760.6571444992,4.666666666700621,18.8794083234017,0.0006902635356597,-3.1737530388442354,-0.6745342922724611,0.0006628284963503,-3.1478266972943887,-0.175705980086716,-0.0376512814468794,0.0397153259897023,0.0,0.0,0.0,0.0,0.0,0.0,0.0,0.0,0.0,300.0,0.8040615006480325,0.9444155338356206,1,16
-1,1,38760.9904778325,0.3333333332993788,11.080935342639508,0.0006543748570307,-3.588867862897363e-05,0.0,0.0006628284963503,0.0,-0.0031300548271664,-0.0093901644824558,0.0397153259897023,0.0,0.0,0.0,0.0,0.0,0.0,0.0,0.0,0.0,300.0,0.8032492005184261,0.944315532744996,1,16
-1,1,38762.3238111658,1.3333333332993789,11.587598407801744,0.000635959705748,-1.841515128268487e-05,-2.4100751311686336e-05,0.0006306941612688,-3.213433508143012e-05,0.0130741159216261,0.0098055869414692,0.0397153259897023,0.0,0.0,0.0,0.0,0.0,0.0,0.0,0.0,0.0,300.0,0.8025993604147409,0.9442155285052644,1,16
-1,1,38766.9904778325,4.666666666700621,12.431768832853448,1.6314232731858476,1.6307873134800994,0.3675993548457788,1.7160943501207182,1.7154636559594494,-0.0036795883836524,-0.0007884832250626,0.0397153259897023,0.0,0.0,0.0,0.0,0.0,0.0,0.0,0.0,0.0,300.0,0.8020794883317928,0.9440774619622232,1,16
-1,1,38768.3238111658,1.3333333332993789,10.601042615292233,1.615549628119359,-0.0158736450664882,-0.0594933092876049,1.636769937739265,-0.0793244123814531,-0.0016642462645908,-0.0012481846984749,0.0397153259897023,0.0,0.0,0.0,0.0,0.0,0.0,0.0,0.0,0.0,300.0,0.8016635906654342,0.9439666916313691,1,16
-1,1,38782.6571444991,1.6666666667006211,36.30477624120881,0.1165630595987475,-0.1449949909151525,-0.0872178285136234,0.1169427206792045,-0.1453630475256672,0.0157771509994963,0.0094662905995049,0.0397153259897023,0.0,0.0,0.0,0.0,0.0,0.0,0.0,0.0,0.0,300.0,0.8013308725323475,0.9438657202725392,1,16
-1,1,39021.0356610208,1.9999999998981368,26.805634476754243,0.1729669684096551,-1.004728742104137,-0.5031340957993129,0.1716398507096628,-1.0062681915473748,0.0258794039993972,0.0129397020003576,0.0397153259897023,0.0,0.0,0.0,0.0,0.0,0.0,0.0,0.0,0.0,300.0,0.8010646980258781,0.9437639906028552,1,16
-1,1,39092.8689943539,0.1666666667006211,3.1835856786365264,0.9259394249306564,0.0233317534631463,0.0,0.9115086664045032,0.0,-0.0040210193778196,-0.0241261162620026,0.0397153259897023,0.0,0.0,0.0,0.0,0.0,0.0,0.0,0.0,1.0,46.3075686936792,0.8008517584207026,0.9436632189866676,1,16
-1,1,39113.5356610205,0.3333333334012422,10.59917169689454,1.4180763899924842,-0.0270045290161076,0.0,1.4160140911385282,0.0,-0.0009969421381823,-0.0029908264139377,0.0397153259897023,0.0,0.0,0.0,0.0,0.0,0.0,0.0,0.0,0.0,300.0,0.8006814067365621,0.9435608555260172,1,16
-1,1,39121.3689943538,2.333333333299379,20.89963402004233,1.422937305569581,0.0065069307620517,0.0,1.4160140911385282,0.0,-0.0160290174266535,-0.0068695788972371,0.0397153259897023,0.0,0.0,0.0,0.0,0.0,0.0,0.0,0.0,0.0,300.0,0.8005451253892497,0.9434442545907858,1,16
-1,1,39123.3689943538,2.0,0.1310926200430516,1.4135212428572803,-0.0094160627123007,0.0,1.4160140911385282,0.0,-0.0055301230509545,-0.0027650615254772,0.0397153259897023,0.0,0.0,0.0,0.0,0.0,0.0,0.0,0.0,0.0,300.0,0.8004361003113999,0.9433301193783572,1,16
-1,1,39124.5356610204,1.1666666666060337,3.236872469697619,1.4205387896974748,0.0070175468401945,0.0,1.4160140911385282,0.0,0.0025300271928259,0.0021685947368206,0.0397153259897023,0.0,0.0,0.0,0.0,0.0,0.0,0.0,0.0,0.0,300.0,0.80034888024912,0.9432218329020844,1,16
-1,1,39140.8689943537,3.5,64.36718766270913,1.961452568100681,0.7033048907050974,0.2075461345501918,1.968339038901763,0.7264114709256713,-0.6769824766225159,-0.1934235647492902,0.0397153259897023,0.0,0.0,0.0,0.0,0.0,0.0,0.0,0.0,0.0,300.0,0.800279104199296,0.9430875074821428,1,16
-1,1,39883.2233095118,0.1666666667006211,3.436974168770494,2.5222788660526323,-0.0272722350156953,0.0,2.5503736000683013,0.0,0.0132809171168619,0.0796855026849377,0.0397153259897023,0.0,0.0,0.0,0.0,0.0,0.0,0.0,0.0,4.0,95.57544582927844,0.8002232833594369,0.9429854055830872,1,16
-1,1,39890.2233095118,0.3333333334012422,19.72926201999915,0.6923415875203989,0.0346278934011046,0.0,0.6685272956566006,0.0,-0.0063455185841214,-0.0190365557484861,0.0397153259897023,0.0,0.0,0.0,0.0,0.0,0.0,0.0,0.0,3.0,74.99807713388157,0.8001786266875496,0.9428842516804412,1,16
-1,1,39895.2233095118,5.0,45.13216180904938,2.6507593364536994,1.9584177489333008,0.3862262353636507,2.599658472474854,1.9311311768182533,0.0283084724393369,0.0056616944878673,0.0397153259897023,0.0,0.0,0.0,0.0,0.0,0.0,0.0,0.0,1.0,198.35490478412825,0.8001429013500397,0.9427179826970298,1,16
-1,1,40073.6492264161,3.0,39.433671395376514,0.1276423256782362,-0.6293117204945853,-0.2097216188986017,0.1282822108660858,-0.6291648566958054,-0.0007668785850691,-0.000255626195023,0.0397153259897023,0.0,0.0,0.0,0.0,0.0,0.0,0.0,0.0,1.0,15.608668022879671,0.8001143210800319,0.9426160680621446,1,16
-1,1,40075.9825597495,2.3333333334012423,14.688849349137069,1.030895255588475,0.9032529299102388,0.3842697320904664,1.024911585769936,0.8966293749038502,0.0053369333516997,0.0022872571506618,0.0397153259897023,0.0,0.0,0.0,0.0,0.0,0.0,0.0,0.0,3.0,176.43126823245527,0.8000914568640256,0.9425040409508292,1,16
-1,1,40080.9825597494,4.999999999898137,61.30504312275996,2.845744109934838,1.814848854346363,0.3614436254217318,2.8321297128417773,1.8072181270718413,-0.013437793372625,-0.0026875586745797,0.0397153259897023,0.0,0.0,0.0,0.0,0.0,0.0,0.0,0.0,3.0,116.36845002592032,0.8000731654912205,0.942332897348082,1,16
-1,1,40082.6492264161,1.6666666667006211,22.880261297455124,0.4714154645331593,-2.3743286454016785,-1.4170934863953646,0.4703072354680529,-2.361822477373724,0.0052103103052019,0.0031261861830574,0.0397153259897023,0.0,0.0,0.0,0.0,0.0,0.0,0.0,0.0,1.0,29.240565259073435,0.8000585323929765,0.9422289688858776,1,16
-1,1,40085.9825597494,3.333333333299379,35.99093814535574,1.4902477963424536,1.0188323318092942,0.3089539336092871,1.5001536808218527,1.0298464453538,1.312646049226915,0.3937938147720858,0.0397153259897023,0.0,0.0,0.0,0.0,0.0,0.0,0.0,0.0,0.0,300.0,0.8000468259143813,0.9421041314226056,1,16
-1,1,40453.7778948835,1.0,0.3696274597453424,0.853540486592927,-0.0063588404607868,0.0,0.8563566820239145,0.0,-0.0203022690221685,-0.0203022690221685,0.0397153259897023,0.0,0.0,0.0,0.0,0.0,0.0,0.0,0.0,1.0,29.691654202897464,0.8000374607315051,0.9419998637201724,1,16
-1,1,40959.6078829389,1.0,10.119494421268254,0.3336027886852645,-0.5336469673954463,-0.5225028204854651,0.3424573407077821,-0.5225028204854651,0.0013619562690623,0.0013619562690623,0.0397153259897023,0.0,0.0,0.0,0.0,0.0,0.0,0.0,0.0,1.0,216.66978281992235,0.8000299685852041,0.9418981957062292,1,16
-1,1,40961.6078829389,2.0,22.75037399515736,0.8526846299994895,0.5190818413142249,0.2483337851131294,0.839124910934041,0.4966675702262588,-0.0273380317806282,-0.0136690158903141,0.0397153259897023,0.0,0.0,0.0,0.0,0.0,0.0,0.0,0.0,0.0,300.0,0.8000239748681633,0.941789668859929,1,16
-1,1,40964.7745496055,3.1666666665987577,190.89559412895684,1.702905784913054,0.8502211549135645,0.2636026003906493,1.673866478819863,0.834741567885822,-0.9878046348256452,-0.3119383057411037,0.0397153259897023,0.0,0.0,0.0,0.0,0.0,0.0,0.0,0.0,0.0,300.0,0.7600191798945307,0.9416627061850018,1,16
-1,1,40964.9412162722,0.1666666667006211,13.33558839431204,1.6724830168619609,-0.0304227680510931,0.0,1.673866478819863,0.0,0.0008995544523013,0.0053973267127087,0.0397153259897023,0.0,0.0,0.0,0.0,0.0,0.0,0.0,0.0,0.0,300.0,0.7280153439156246,0.9415613124491542,1,16
-1,1,40967.2745496055,2.333333333299379,54.0295094915637,2.4259965104247865,0.7535134935628256,0.3114752790980752,2.400642130038129,0.7267756512182661,3.075708319792541,1.3181607085016995,0.0397153259897023,0.0,0.0,0.0,0.0,0.0,0.0,0.0,0.0,0.0,300.0,0.7424122751324997,0.9414330091565328,1,16
-1,1,40968.9412162722,1.6666666667006211,37.21876297512769,2.4817978407422228,0.0558013303174362,0.0,2.400642130038129,0.0,0.0025350786180293,0.0015210471707866,0.0397153259897023,0.0,0.0,0.0,0.0,0.0,0.0,0.0,0.0,1.0,24.13200446981472,0.7539298201059998,0.9413123275078598,1,16
-1,1,40983.9412162721,2.0,331.56162843926575,2.626256525323879,1.962532625841718,1.0041685086534229,2.664543700861896,2.0083370173068458,2.200972190207352,1.1004860951036757,0.0397153259897023,0.0,0.0,0.0,0.0,0.0,0.0,0.0,0.0,0.0,300.0,0.7231438560847999,0.9411860649426064,1,16
-1,1,40985.2745496054,1.3333333332993789,24.153925762163496,2.632613885647292,0.0063573603234123,0.0,2.664543700861896,0.0,0.0029579824379561,0.0022184868285236,0.0397153259897023,0.0,0.0,0.0,0.0,0.0,0.0,0.0,0.0,0.0,300.0,0.73851508486784,0.9410685141833692,1,16
-1,1,40986.7745496054,1.5,13.200400694730154,2.6055210188870808,-0.0270928667602108,0.0,2.664543700861896,0.0,-0.0005647212314232,-0.0003764808209488,0.0397153259897023,0.0,0.0,0.0,0.0,0.0,0.0,0.0,0.0,0.0,300.0,0.750812067894272,0.9409489727757276,1,16
-1,1,40989.7745496054,3.0,0.1361954695086913,2.6033958661289627,-0.002125152758118,0.0,2.664543700861896,0.0,0.0013122325115331,0.0004374108371777,0.0397153259897023,0.0,0.0,0.0,0.0,0.0,0.0,0.0,0.0,2.0,97.10068128559374,0.7606496543154176,0.9408099218377356,1,16
-1,1,41011.2745496053,0.6666666666060337,11.690205460467862,2.285779238353459,-0.0212333288309856,0.0,2.331965708542018,0.0,0.0059550970989006,0.0089326456491633,0.0397153259897023,0.0,0.0,0.0,0.0,0.0,0.0,0.0,0.0,2.0,144.79476838015628,0.7685197234523342,0.9407023025736084,1,16
-1,1,41014.7745496053,3.5,12.48479705695569,2.3819166297376566,0.0961373913841976,0.0,2.331965708542018,0.0,-0.002737792601521,-0.0007822264575774,0.0397153259897023,0.0,0.0,0.0,0.0,0.0,0.0,0.0,0.0,1.0,216.41430908439227,0.8148157787618675,0.940560619032588,1,16
-1,1,41034.9412162719,3.0,41.70620593524544,0.9582155771337548,-0.0414171798921282,-0.0471392432730786,0.9070612653064366,-0.1414177298192359,-0.0344793863005961,-0.0114931287668653,0.0397153259897023,0.0,0.0,0.0,0.0,0.0,0.0,0.0,0.0,2.0,137.5871048432397,0.8118526230094941,0.9404462457989312,1,16
-1,1,41037.9412162719,3.0,41.76793399711523,0.5399441975421188,-0.4182713795916362,-0.1254373002539688,0.53074936454453,-0.3763119007619065,-0.0332225414380116,-0.0110741804793372,0.0397153259897023,0.0,0.0,0.0,0.0,0.0,0.0,0.0,0.0,2.0,11.674661930517017,0.8094820984075953,0.940338146635968,1,16
-1,1,41041.6078829386,3.666666666700621,66.07775083633796,0.2280144578411756,-0.3119297397009432,-0.0832922955478786,0.2253442808661468,-0.3054050836783831,-0.0276717224429545,-0.0075468333934631,0.0397153259897023,0.0,0.0,0.0,0.0,0.0,0.0,0.0,0.0,0.0,300.0,0.8075856787260763,0.9402339663709076,1,16
-1,1,41059.7745496052,3.5,38.00398797595216,0.676145912124396,-0.2900757849792716,-0.083421704475667,0.684069122578729,-0.2919759656648346,-0.0169657896044377,-0.0048473684584107,0.0397153259897023,0.0,0.0,0.0,0.0,0.0,0.0,0.0,0.0,1.0,105.4092489071056,0.8060685429808612,0.9401221338174454,1,16
-1,1,41060.7745496051,0.9999999998981366,13.145756383907983,0.1267679273767584,-0.5493779847476375,-0.5562099792606148,0.1278591433747716,-0.5562099792039573,-0.0512056089564789,-0.0512056089616949,0.0397153259897023,0.0,0.0,0.0,0.0,0.0,0.0,0.0,0.0,1.0,92.6075134548118,0.804854834384689,0.9400214999778086,1,16
-1,1,41079.2745496051,1.3333333334012425,37.39070185950635,0.412168922522209,-0.8480132375743261,-0.6273693173060433,0.4139105179977116,-0.8364924231173283,0.0292959533176464,0.0219719649871157,0.0397153259897023,0.0,0.0,0.0,0.0,0.0,0.0,0.0,0.0,0.0,300.0,0.8038838675077512,0.9399187521849915,1,16
-1,1,41083.9412162717,4.666666666598758,108.38019788745729,1.9221775651480475,1.5100086426258386,0.3321211020022546,1.9638089939856795,1.5498984759879677,-1.7145522197883445,-0.3674040471028488,0.0397153259897023,0.0,0.0,0.0,0.0,0.0,0.0,0.0,0.0,2.0,232.8521123997405,0.8031070940062011,0.9397739013751388,1,16
-1,1,42120.8298438916,5.0,0.7886172028121916,0.5015005731209266,-0.0112936563504474,0.0,0.511387859683444,0.0,-0.0036679220495821,-0.0007335844099164,0.0397153259897023,0.0,0.0,0.0,0.0,0.0,0.0,0.0,0.0,1.0,142.5922048267631,0.802485675204961,0.9396613638608108,1,16
-1,1,42701.5931026493,3.0,0.5125073492258287,3.2595125335599406,-0.0090767034807481,0.0,3.2815285162439127,0.0,-0.0119989397276079,-0.0039996465758693,0.0397153259897023,0.0,0.0,0.0,0.0,0.0,0.0,0.0,0.0,0.0,300.0,0.8019885401639688,0.9395124711728076,1,16
-1,1,43345.7608237964,3.166666666700621,30.38661908993004,1.0007619496140168,-1.7161926261967515,-0.5189104700524596,0.955888055080391,-1.6432164885170748,0.1427999522231182,0.0450947217541854,0.0397153259897023,0.0,0.0,0.0,0.0,0.0,0.0,0.0,0.0,2.0,59.56435947599491,0.8015908321311751,0.9393966257752716,1,16
-1,1,43428.5941571294,5.0,1.2459915006457545,5.888172461113859e-05,-1.0678695550342296,-0.2134001716637556,5.880434063894262e-05,-1.0670008583187782,-0.0060353802710304,-0.001207076054206,0.0397153259897023,0.0,0.0,0.0,0.0,0.0,0.0,0.0,0.0,0.0,300.0,0.8012726657049402,0.9392966243032284,1,16
-1,1,43431.9274904627,3.333333333299379,20.55852954463072,5.921063176864641e-05,3.289071575078183e-07,-9.291383174010665e-14,5.8804340329229846e-05,-3.097127724638674e-13,-0.0045951181347425,-0.0013785354404368,0.0397153259897023,0.0,0.0,0.0,0.0,0.0,0.0,0.0,0.0,0.0,300.0,0.8010181325639522,0.9391966233163846,1,16
-1,1,43441.5941571293,0.3333333332993788,10.32251554511499,1.3539394588418066,-0.0103238467348154,0.0,1.360961955964633,0.0,-0.0005572036455792,-0.0016716109369078,0.0397153259897023,0.0,0.0,0.0,0.0,0.0,0.0,0.0,0.0,0.0,300.0,0.8008145060511618,0.9390943667506202,1,16
-1,1,43533.0928475348,1.3333333332993789,5.652963512071008,0.5206432278387378,-0.127026371477101,-0.1016952989044758,0.530567380217622,-0.1355937318691814,-0.0022906786263034,-0.0017180089697713,0.0397153259897023,0.0,0.0,0.0,0.0,0.0,0.0,0.0,0.0,1.0,72.37504827559641,0.8006516048409295,0.938990895795768,1,16
-1,1,43535.0928475348,2.0,26.848642892294706,0.7726423379531615,0.2519991101144236,0.1138478495196251,0.7582630792568723,0.2276956990392503,-0.0368835521366897,-0.0184417760683448,0.0397153259897023,0.0,0.0,0.0,0.0,0.0,0.0,0.0,0.0,0.0,300.0,0.8005212838727437,0.9388831693723884,1,16
-1,1,43535.7595142015,0.6666666667006211,21.312471108222663,0.9839028595663116,0.2112605216131501,0.3429346824149961,0.986886200878514,0.2286231216216415,0.0049992389759596,0.0074988584635575,0.0397153259897023,0.0,0.0,0.0,0.0,0.0,0.0,0.0,0.0,0.0,300.0,0.8004170270981951,0.9387798896961898,1,16
-1,1,43536.0928475348,0.3333333332993788,8.652605164133693,0.9823731086953924,-0.0015297508709192,0.0,0.986886200878514,0.0,0.0108657784676693,0.0325973354063285,0.0397153259897023,0.0,0.0,0.0,0.0,0.0,0.0,0.0,0.0,0.0,300.0,0.8003336216785562,0.9386782524076754,1,16
-1,1,43555.4261808681,1.0,12.579723872394606,0.4787505258797084,0.0044470465838235,0.0085044405965846,0.4735842338131192,0.0085044405965846,0.0005875581564507,0.0005875581564507,0.0397153259897023,0.0,0.0,0.0,0.0,0.0,0.0,0.0,0.0,3.0,132.57243283625598,0.800266897342845,0.938575858655046,1,16
-1,1,43558.0928475347,2.6666666666060337,41.77994213983091,2.3962159009224737,1.9174653750427653,0.6820264697113821,2.292321486335452,1.8187372525223324,-0.0697267215277999,-0.0261475205735194,0.0397153259897023,0.0,0.0,0.0,0.0,0.0,0.0,0.0,0.0,0.0,300.0,0.8002135178742761,0.938443909109701,1,16
-1,1,43559.426180868,1.3333333332993789,4.655417963247492,2.098670193550688,-0.2975457073717864,-0.0811019268527107,2.1841855838679245,-0.1081359024675272,0.0053405290948762,0.0040053968212591,0.0397153259897023,0.0,0.0,0.0,0.0,0.0,0.0,0.0,0.0,0.0,300.0,0.8001708142994209,0.9383299179750776,1,16
-1,1,43562.0928475347,2.666666666700621,20.76931192502268,1.5934179475385315,-0.5052522460121558,-0.2323698304992856,1.5645327025286062,-0.6196528813393183,0.0424039790728407,0.0159014921521128,0.0397153259897023,0.0,0.0,0.0,0.0,0.0,0.0,0.0,0.0,1.0,48.36967152349364,0.8001366514395368,0.9382086724024437,1,16
-1,1,43564.2595142014,2.166666666700621,3.2883751303973554,0.4023144086924374,-1.191103538846094,-0.5307912772916289,0.4144849350453877,-1.1500477674832186,-0.0247490780303465,-0.0114226513984424,0.0397153259897023,0.0,0.0,0.0,0.0,0.0,0.0,0.0,0.0,1.0,47.33153902122648,0.8001093211516296,0.9381043139963494,1,16
-1,1,43565.0928475347,0.8333333332993789,3.846131424952052,1.20089701254628,0.7985826038538427,0.9542199082129692,1.2096681918571286,0.7951832568117408,-0.0140015871600915,-0.0168019045927945,0.0397153259897023,0.0,0.0,0.0,0.0,0.0,0.0,0.0,0.0,1.0,45.05350040908742,0.8000874569213038,0.9379993102587972,1,16
-1,1,43566.426180868,1.3333333332993789,7.54989099955079,1.985430824157467,0.7845338116111868,0.5337423531942125,1.9213246627646223,0.7116564709074937,-0.0344922259711961,-0.0258691694790559,0.0397153259897023,0.0,0.0,0.0,0.0,0.0,0.0,0.0,0.0,0.0,300.0,0.8000699655370431,0.9378860740533032,1,16
-1,1,43759.4699113601,0.3333333332993788,4.641223166673755,2.0041683073698486,0.5445625089551493,1.6007906477590064,2.040676660612917,0.5335968825319815,0.1853285497370329,0.5559856492677334,0.0397153259897023,0.0,0.0,0.0,0.0,0.0,0.0,0.0,0.0,1.0,34.4329220796428,0.8000559724296346,0.9377827337727914,1,16
-1,1,43761.3032446935,1.8333333334012425,28.489001497704685,1.7587934866121184,-0.2453748207577302,-0.1007865707724986,1.855901280856492,-0.1847753797564251,-1.4839640437405528,-0.8094349329194099,0.0397153259897023,0.0,0.0,0.0,0.0,0.0,0.0,0.0,0.0,1.0,32.65632276361826,0.8000447779437078,0.9376666114991636,1,16
-1,1,43761.4699113601,0.1666666665987577,5.3891156925615,0.1342534181356176,-1.6245400684765008,-10.319743379070404,0.1359440517122277,-1.7199572291442644,-0.0835305261276362,-0.5011831569700262,0.0397153259897023,0.0,0.0,0.0,0.0,0.0,0.0,0.0,0.0,1.0,35.559477884881204,0.7600358223549663,0.9375664996213152,1,16
-1,1,43799.1365780267,1.0,8.536402622843834,1.9545388264223047,-0.9513349783871544,-1.0356018360007877,1.9643566257881464,-1.0356018360007877,-0.449441384088765,-0.449441384088765,0.0397153259897023,0.0,0.0,0.0,0.0,0.0,0.0,0.0,0.0,2.0,139.9154140244166,0.7680286578839731,0.9374567269271832,1,16
-1,1,43801.6365780266,2.4999999998981366,9.68892722502954,2.291536555594802,0.3369977291724972,0.1380429350145771,2.3094639633105274,0.3451073375223812,-0.8924298421572239,-0.3569719368774345,0.0397153259897023,0.0,0.0,0.0,0.0,0.0,0.0,0.0,0.0,1.0,45.32121230748198,0.7744229263071786,0.9373280827202392,1,16
-1,1,43816.8032446932,4.333333333299379,41.26776266583671,0.216373409430385,0.1817049161226135,0.0427580546153619,0.2190627410036585,0.1852849033317831,0.0152253980313958,0.0035135533918881,0.0397153259897023,0.0,0.0,0.0,0.0,0.0,0.0,0.0,0.0,0.0,300.0,0.7795383410457429,0.9372233946297016,1,16
-1,1,43817.4699113599,0.6666666667006211,25.11028169542584,0.6616700084207275,0.4452965989903426,0.6701112029415826,0.6658035429874668,0.4467408019838083,0.004154550924917,0.0062318263870581,0.0397153259897023,0.0,0.0,0.0,0.0,0.0,0.0,0.0,0.0,1.0,194.64761500253576,0.7836306728365944,0.9371211890630068,1,16
-1,1,43821.4699113599,4.0,54.05731324283048,0.174686088676495,-0.4869839197442325,-0.1227402625746207,0.174842492688984,-0.4909610502984828,0.0135805117278029,0.0033951279319507,0.0397153259897023,0.0,0.0,0.0,0.0,0.0,0.0,0.0,0.0,1.0,189.35110064519887,0.7869045382692755,0.9370176953412332,1,16
-1,1,44006.8986268183,2.5,55.13928168418973,0.1362233990602912,-0.0775423932224278,-0.0328123443290171,0.1370214377936048,-0.0820308608225428,-0.5410466418344733,-0.2164186567337893,0.0397153259897023,0.0,0.0,0.0,0.0,0.0,0.0,0.0,0.0,0.0,300.0,0.7895236306154205,0.9369159925487448,1,16
-1,1,44049.8986268183,4.0,53.22393466962949,0.2414311731492767,-0.5010335267187191,-0.1242815173118934,0.2425604564022855,-0.4971260692475737,-0.0841196504426289,-0.0210299126106572,0.0397153259897023,0.0,0.0,0.0,0.0,0.0,0.0,0.0,0.0,3.0,142.454213535746,0.7916189044923365,0.936811163925282,1,16
-1,1,44217.6285543319,0.5,12.449430344891509,0.7536971220560156,0.0254968719062348,0.0,0.7270944236550889,0.0,0.0132888169347609,0.0265776338695218,0.0397153259897023,0.0,0.0,0.0,0.0,0.0,0.0,0.0,0.0,2.0,166.47870833958083,0.7932951235938693,0.9367092796824767,1,16
-1,1,44217.9618876652,0.3333333332993788,11.737780696784917,0.7585434006130286,0.004846278557013,0.0,0.7270944236550889,0.0,0.0003954569063986,0.0011863707193167,0.0397153259897023,0.0,0.0,0.0,0.0,0.0,0.0,0.0,0.0,2.0,164.07076953528474,0.7946360988750956,0.936608015443476,1,16
-1,1,44218.9618876652,1.0,13.53157734894276,0.6001200479494242,-0.1584233526636044,-0.1088601004988897,0.6182343231561992,-0.1088601004988897,-0.0027589821588516,-0.0027589821588516,0.0397153259897023,0.0,0.0,0.0,0.0,0.0,0.0,0.0,0.0,2.0,159.60942990310457,0.7957088791000765,0.9365050148432362,1,16
-1,1,44219.6285543319,0.6666666667006211,23.499496521196924,0.026667592305589,-0.5734524556438352,-0.8873706309985744,0.0266539024603527,-0.5915804206958465,0.0227945274543976,0.034191791179855,0.0397153259897023,0.0,0.0,0.0,0.0,0.0,0.0,0.0,0.0,2.0,162.84556275323854,0.7965671032800613,0.936404925951262,1,16
-1,1,44247.2952209984,5.0,39.91771256262003,2.975531229329453,0.6785754481749842,0.1234628609048884,2.979585858872885,0.6173143045244425,-0.2538778253006128,-0.0507755650601225,0.0397153259897023,0.0,0.0,0.0,0.0,0.0,0.0,0.0,0.0,2.0,106.8857675979312,0.7972536826240492,0.9362305376705286,1,16
-1,1,44249.4618876651,2.166666666700621,48.40885837907003,1.9484246419416205,-1.0271065873878324,-0.4686414673224403,1.964196012991685,-1.0153898458811998,-0.9964011630594412,-0.4598774598663813,0.0397153259897023,0.0,0.0,0.0,0.0,0.0,0.0,0.0,0.0,2.0,117.25556153090444,0.7978029460992394,0.9361094297369073,1,16
-1,1,44250.9618876651,1.5,17.93980789873208,1.6742508863712946,-0.2741737555703258,-0.1860939134691558,1.6850551427879514,-0.2791408702037337,-0.4623153739140724,-0.3082102492760483,0.0397153259897023,0.0,0.0,0.0,0.0,0.0,0.0,0.0,0.0,1.0,62.21992327463395,0.7982423568793916,0.9359968728552596,1,16
-1,1,44251.2952209984,0.3333333332993788,24.16722908910305,2.437648559291214,0.7633976729199194,2.412432510772743,2.48919931296362,0.8041441701756682,1.1120529821884535,3.336158946905193,0.0397153259897023,0.0,0.0,0.0,0.0,0.0,0.0,0.0,0.0,1.0,38.17262602002854,0.7585938855035134,0.935892810107661,1,16
-1,1,44258.1285543317,0.8333333332993789,23.4102663605604,0.0749701474772504,-0.0386044007637129,-0.0465894637290913,0.0735634382210688,-0.0388245531059942,0.0184009991897888,0.0220811990286463,0.0397153259897023,0.0,0.0,0.0,0.0,0.0,0.0,0.0,0.0,2.0,228.97657160849508,0.7668751084028108,0.9357924977320464,1,16
-1,1,44262.2952209983,4.166666666598758,150.77000698257322,2.444431256086822,2.369461108609572,0.5615076366668095,2.4131785909613104,2.3396151527402416,1.0088606109131986,0.2421265466231138,0.0397153259897023,0.0,0.0,0.0,0.0,0.0,0.0,0.0,0.0,3.0,167.83461568769243,0.7735000867222487,0.935641572080879,1,16
-1,1,44270.6285543316,2.333333333299379,20.89218563311973,0.000983031130359,-2.423745210228909,-1.0348772474946275,0.0009724069945959,-2.4147135774523254,-0.0614252869887699,-0.0263251229955701,0.0397153259897023,0.0,0.0,0.0,0.0,0.0,0.0,0.0,0.0,3.0,63.81098943663059,0.778800069377799,0.9355415606121824,1,16
-1,1,44271.2952209983,0.6666666667006211,20.87266902753817,0.0009705449960896,-1.2486134269335588e-05,0.0,0.0009724069945959,0.0,0.0015929440676831,0.002389416101403,0.0397153259897023,0.0,0.0,0.0,0.0,0.0,0.0,0.0,0.0,3.0,79.31893378521775,0.7830400555022393,0.9354415573770324,1,16
-1,1,44287.2952209982,0.1666666666060337,11.549101693782172,0.7151128554722759,0.0048093399008893,0.0,0.6974826161239598,0.0,0.0025352935295157,0.0152117611826285,0.0397153259897023,0.0,0.0,0.0,0.0,0.0,0.0,0.0,0.0,2.0,94.6391861570044,0.7464320444017915,0.9353409614496532,1,16
-1,1,44291.9618876649,4.666666666693345,52.83538219588855,0.4202659716032645,-0.2948468838690113,-0.063098978516438,0.4030207163788987,-0.2944618997450611,-0.0834642293134351,-0.0178851919956338,0.0397153259897023,0.0,0.0,0.0,0.0,0.0,0.0,0.0,0.0,0.0,300.0,0.7571456355214332,0.935231155243649,1,16
-1,1,44294.9618876649,3.0,33.010895696970806,0.3515526335937614,-0.0687133380095031,-0.0187169186399272,0.3468699604591169,-0.0561507559197818,0.0455722463114249,0.0151907487704749,0.0397153259897023,0.0,0.0,0.0,0.0,0.0,0.0,0.0,0.0,2.0,170.081767462305,0.7657165084171467,0.935125881954145,1,16
-1,1,44297.6285543315,2.6666666666060337,42.38696033002939,1.1289004046607558,0.7773477710669944,0.2771123516331165,1.0858362314639587,0.7389662710048418,0.1251335440160002,0.046925079007067,0.0397153259897023,0.0,0.0,0.0,0.0,0.0,0.0,0.0,0.0,2.0,144.68410434122703,0.7725732067337174,0.9350108299487498,1,16
-1,1,44310.9618876648,2.833333333299379,24.33802490654162,0.6468729189375235,-0.2917680640050948,-0.1155552766667036,0.6190629842728159,-0.3274066172184035,0.0027310730765197,0.0009639081446655,0.0397153259897023,0.0,0.0,0.0,0.0,0.0,0.0,0.0,0.0,2.0,251.3316757158753,0.778058565386974,0.9349016659157317,1,16
-1,1,44314.3863437253,3.424456060500233,622.6239227089337,0.2391446029856549,-0.4077283159518686,-0.1093454112953301,0.2446144278746318,-0.3744485563981841,-2.915530118457561,-0.8513848818465115,0.0397153259897023,0.0,0.0,0.0,0.0,0.0,0.0,0.0,0.0,0.0,300.0,0.7424468523095793,0.9347975712148066,1,16
-1,1,44315.1285543315,0.7422106062003877,665.9007145018586,1.1136648732153231,0.8745202702296682,1.215048963235596,1.1464366554408765,0.9018222275662444,2.875384406372852,3.874081537439702,0.0397153259897023,0.0,0.0,0.0,0.0,0.0,0.0,0.0,0.0,0.0,300.0,0.7139574818476635,0.9346934383454032,1,16
-1,1,44333.9618876647,2.6666666665987577,20.606935395251607,1.1732264016949567,-1.32885795106656,-0.4748494192384551,1.147921252960225,-1.266265117936967,0.0152669888059984,0.0057251208023952,0.0397153259897023,0.0,0.0,0.0,0.0,0.0,0.0,0.0,0.0,3.0,74.18962257334408,0.7311659854781308,0.9345777953267144,1,16
-1,1,44353.6285543313,2.742210605996661,632.0583216983982,0.0003741525274288,-2.1972931310965285,-0.8312306073025172,0.0003636453807917,-2.279409387374008,0.4497413218138701,0.1640068493756011,0.0397153259897023,0.0,0.0,0.0,0.0,0.0,0.0,0.0,0.0,1.0,8.6021362604853,0.7049327883825047,0.9344777901966892,1,16
-1,1,44354.295220998,0.6666666667006211,24.389460805815425,0.0003649442657023,-9.208261726516352e-06,-1.0861160603151668e-12,0.0003636453800676,-7.24077373580323e-13,0.0014311374173012,0.0021467061258425,0.0397153259897023,0.0,0.0,0.0,0.0,0.0,0.0,0.0,0.0,1.0,18.5195861916802,0.7239462307060038,0.9343777889802084,1,16
-1,1,44360.6285543313,1.2422106059966609,623.9368557883869,0.0003712033921268,-2.524793210359322,-2.079581695041079,0.0003636453776592,-2.583278437616542,1.7090661196025607,1.3758263786770106,0.0397153259897023,0.0,0.0,0.0,0.0,0.0,0.0,0.0,0.0,0.0,300.0,0.6991569845648031,0.9342777866746445,1,16
-1,1,44360.9618876646,0.3333333332993788,12.61046129034669,0.0003672819058934,-3.921486233393547e-06,-3.394094901311606e-14,0.0003636453776479,-1.131364966988624e-14,0.025913562927629,0.077740688790806,0.0397153259897023,0.0,0.0,0.0,0.0,0.0,0.0,0.0,0.0,0.0,300.0,0.7193255876518425,0.934177786062508,1,16
-1,1,44361.6285543313,0.6666666667006211,11.528633735302906,0.000368373647073,1.0917411795672042e-06,0.0,0.0003636453776479,0.0,-0.0120130880892479,-0.0180196321329541,0.0397153259897023,0.0,0.0,0.0,0.0,0.0,0.0,0.0,0.0,0.0,300.0,0.7354604701214741,0.9340777848345958,1,16
-1,1,44364.9618876646,3.333333333299379,11.321196162718604,0.0003610252456871,-7.348401385873877e-06,-8.230722418810807e-14,0.0003636453773735,-2.743574139575655e-13,0.0280040299781356,0.0084012089935262,0.0397153259897023,0.0,0.0,0.0,0.0,0.0,0.0,0.0,0.0,0.0,300.0,0.7483683760971793,0.9339777788175084,1,16
-1,1,44365.6285543313,0.6666666667006211,11.685394522691766,0.0003581059805529,-2.919265134184888e-06,0.0,0.0003636453773735,0.0,-0.0022624357756568,-0.0033936536633124,0.0397153259897023,0.0,0.0,0.0,0.0,0.0,0.0,0.0,0.0,0.0,300.0,0.7586947008777435,0.9338777776238216,1,16
-1,1,44558.1466160718,1.6666666667006211,40.06014431998585,0.0617083977417688,-0.1437304687497304,-0.0845377367973337,0.0602727220219214,-0.1408962279984266,-0.0174824769069568,-0.0104894861439603,0.0397153259897023,0.0,0.0,0.0,0.0,0.0,0.0,0.0,0.0,1.0,220.207555904186,0.7669557607021948,0.9337772633871738,1,16
-1,1,44621.4799494049,1.3333333334012425,9.846413619130637,0.2978085020220964,-0.0073167088927038,0.0,0.3061156598252697,0.0,0.0208570547246726,0.0156427910427078,0.0397153259897023,0.0,0.0,0.0,0.0,0.0,0.0,0.0,0.0,0.0,300.0,0.7735646085617559,0.9336752779971604,1,16
-1,1,44631.1466160715,3.0,0.3911244895784356,0.3125964534774259,0.0051388577710124,0.0,0.3061156598252697,0.0,0.00926002939803,0.00308667646601,0.0397153259897023,0.0,0.0,0.0,0.0,0.0,0.0,0.0,0.0,1.0,193.993023904346,0.7788516868494048,0.9335705890503582,1,16
-1,1,44735.7917047204,5.0,62.95447287185505,0.0713065632468016,-0.2548275766569738,-0.0511919656146809,0.0683408918598059,-0.2559598280734045,-0.0777067596227261,-0.0155413519245452,0.0397153259897023,0.0,0.0,0.0,0.0,0.0,0.0,0.0,0.0,0.0,300.0,0.7830813494795239,0.9334688063862768,1,16
-1,1,44737.7917047204,2.0,25.67890810575248,0.0881188011548749,0.0168122379080732,0.0093175733610459,0.0869760385818978,0.0186351467220919,-0.4601794375199581,-0.230089718759979,0.0397153259897023,0.0,0.0,0.0,0.0,0.0,0.0,0.0,0.0,0.0,300.0,0.7864650795836192,0.9333679251982656,1,16
-1,1,44751.7917047204,2.0,10.144117445282308,2.6386118662155376,1.148361427258261,0.5397247520846875,2.6000011867386634,1.079449504169375,0.0237906617912502,0.0118953308956251,0.0397153259897023,0.0,0.0,0.0,0.0,0.0,0.0,0.0,0.0,3.0,204.2371134373377,0.7891720636668954,0.9332415390796032,1,16
-1,1,44885.7620961686,2.0,11.35576205328541,2.437809615358382,0.7102508583911045,0.3077737185583192,2.40580289988054,0.6155474371166385,0.002040627602315,0.0010203138011575,0.0397153259897023,0.0,0.0,0.0,0.0,0.0,0.0,0.0,0.0,3.0,146.7745043319704,0.7913376509335164,0.9331171609834498,1,16
-1,1,44887.7620961686,2.0,14.221301840098707,2.170232281530528,-0.2675773338278544,-0.0883185872662679,2.229165725348004,-0.1766371745325359,-0.3332888128910576,-0.1666444064455288,0.0397153259897023,0.0,0.0,0.0,0.0,0.0,0.0,0.0,0.0,2.0,127.37401160917916,0.7930701207468132,0.9329954586606344,1,16
-1,1,44890.4287628353,2.666666666700621,7.79970318647827,2.197258071235341,0.0270257897048131,0.0,2.229165725348004,0.0,0.0046828412626505,0.0017560654734715,0.0397153259897023,0.0,0.0,0.0,0.0,0.0,0.0,0.0,0.0,4.0,100.1087719851814,0.8344560965974506,0.9328661618863509,1,16
-1,1,44893.9287628352,3.499999999905413,8.804685121063217,2.225544321600144,0.0282862503648027,0.0,2.229165725348004,0.0,-0.0053415322924643,-0.0015261520836024,0.0397153259897023,0.0,0.0,0.0,0.0,0.0,0.0,0.0,0.0,2.0,180.10591617870358,0.8675648772779605,0.932727214860724,1,16
-1,1,44898.0954295019,4.166666666693345,8.723349752603928,2.2537139187975166,0.0281695971973729,0.0,2.229165725348004,0.0,0.0090402686752515,0.0021696644820464,0.0397153259897023,0.0,0.0,0.0,0.0,0.0,0.0,0.0,0.0,0.0,300.0,0.8940519018223685,0.9325802624874152,1,16
-1,1,44925.0954295018,3.0,0.2721362750341052,1.7267830521950769,0.0891882985036809,0.0,1.6996596218552404,0.0,-0.00928018844774,-0.0030933961492466,0.0397153259897023,0.0,0.0,0.0,0.0,0.0,0.0,0.0,0.0,1.0,16.916882198794966,0.8752415214578949,0.9324543607416323,1,16
-1,1,44955.5954295017,1.6666666667006211,8.251674684548396,1.5652851062038016,0.0057081732956913,0.0,1.5609590702646494,0.0,0.0042037562819192,0.0025222537691001,0.0397153259897023,0.0,0.0,0.0,0.0,0.0,0.0,0.0,0.0,0.0,300.0,0.860193217166316,0.9323413166990804,1,16
-1,1,44957.7620961683,2.1666666665987577,8.80727777548919,1.5711540973409632,0.0058689911371616,0.0,1.5609590702646494,0.0,0.0014499325082084,0.0006691996191941,0.0397153259897023,0.0,0.0,0.0,0.0,0.0,0.0,0.0,0.0,0.0,300.0,0.8481545737330529,0.9322242958630264,1,16
-1,1,44958.7620961683,1.0,0.4113225109835913,1.578616253654925,0.0074621563139618,0.0,1.5609590702646494,0.0,-0.0010690912125799,-0.0010690912125799,0.0397153259897023,0.0,0.0,0.0,0.0,0.0,0.0,0.0,0.0,0.0,300.0,0.8385236589864424,0.9321164027817582,1,16
-1,1,44958.928762835,0.1666666667006211,4.414034457827203,1.5363669998397085,-0.0422492538152168,0.0,1.5609590702646494,0.0,-0.0050058383818889,-0.0300350302852147,0.0397153259897023,0.0,0.0,0.0,0.0,0.0,0.0,0.0,0.0,0.0,300.0,0.8308189271891541,0.9320151224759248,1,16
-1,1,44960.5954295016,1.6666666665987575,8.81065584179624,1.5731680722696235,0.0368010724299152,0.0,1.5609590702646494,0.0,0.0001411624067273,8.469744403985891e-05,0.0397153259897023,0.0,0.0,0.0,0.0,0.0,0.0,0.0,0.0,0.0,300.0,0.8246551417513234,0.9319020127419896,1,16
-1,1,45086.9930684324,4.0,101.32328922291076,1.9152221454196,1.824509858835308,0.4723000786427836,1.9776725779295736,1.8892003145711345,-2.3909844815077648,-0.5977461203769412,0.0397153259897023,0.0,0.0,0.0,0.0,0.0,0.0,0.0,0.0,2.0,206.28466105036392,0.8197241134010588,0.9317637082990814,1,16
-1,1,45087.659735099,0.6666666665987577,12.577043303018122,1.9087259199130548,-0.0064962255065446,0.0,1.9776725779295736,0.0,0.0085462446054087,0.0128193669094189,0.0397153259897023,0.0,0.0,0.0,0.0,0.0,0.0,0.0,0.0,3.0,211.06740361739875,0.8157792907208471,0.9316573458793488,1,16
-1,1,45092.659735099,5.0,34.05800393489093,1.373644858559814,-0.5350810613532408,-0.1137779264908403,1.408782945475372,-0.5688896324542017,-0.3913380594711575,-0.0782676118942315,0.0397153259897023,0.0,0.0,0.0,0.0,0.0,0.0,0.0,0.0,2.0,10.602689109084416,0.8126234325766778,0.9315230047578849,1,16
-1,1,45139.8264017655,4.5,52.60857049972061,0.1026998592327337,-0.0043908148166208,0.0001925626186521,0.104531055581332,0.0008665317839345,0.0154563075075317,0.0034347350016737,0.0397153259897023,0.0,0.0,0.0,0.0,0.0,0.0,0.0,0.0,0.0,300.0,0.8100987460613424,0.931420694011052,1,16
-1,1,45140.6597350988,0.8333333332993789,14.504440154657136,0.2316683740462604,0.1289685148135267,0.1470194359954459,0.2270472522392116,0.1225161966578796,-0.0066056175728381,-0.0079267410877287,0.0397153259897023,0.0,0.0,0.0,0.0,0.0,0.0,0.0,0.0,0.0,300.0,0.8080789968490739,0.9313197287261604,1,16
-1,1,45152.9930684321,0.1666666667006211,12.348674458553113,2.946527050806464,-0.0769682203163979,0.0,2.9985503084295573,0.0,-0.0046860863253002,-0.0281165179460731,0.0397153259897023,0.0,0.0,0.0,0.0,0.0,0.0,0.0,0.0,2.0,105.14667071756068,0.7664631974792592,0.9312172732869508,1,16
-1,1,45157.6597350988,4.666666666700621,68.84897167614866,0.1682006584368169,-2.778326392369647,-0.6079493042736747,0.1614535551317663,-2.837096753297791,-0.3572976082684871,-0.076563773199833,0.0397153259897023,0.0,0.0,0.0,0.0,0.0,0.0,0.0,0.0,0.0,300.0,0.7731705579834074,0.9311133486049206,1,16
-1,1,45158.6597350988,1.0,13.451690439811014,0.5215578142147547,0.3533571557779377,0.3753808569637125,0.5368344120954788,0.3753808569637125,-0.0024129494168567,-0.0024129494168567,0.0397153259897023,0.0,0.0,0.0,0.0,0.0,0.0,0.0,0.0,0.0,300.0,0.778536446386726,0.9310107408158496,1,16
-1,1,45159.3264017654,0.6666666665987577,11.5114265356774,0.5184328681011838,-0.0031249461135708,0.0,0.5368344120954788,0.0,-0.007263668961674,-0.0108955034436209,0.0397153259897023,0.0,0.0,0.0,0.0,0.0,0.0,0.0,0.0,0.0,300.0,0.782829157109381,0.9309090127062896,1,16
-1,1,45160.3264017654,1.0,12.402977085542975,0.2062595725949256,-0.3121732955062581,-0.3355085818460653,0.2013258302494134,-0.3355085818460653,0.0026033937257259,0.0026033937257259,0.0397153259897023,0.0,0.0,0.0,0.0,0.0,0.0,0.0,0.0,0.0,300.0,0.7862633256875048,0.9308079814084264,1,16
-1,1,45183.3264017653,4.833333333299379,37.556668499442,3.7422477918175128,1.916769517892464,0.3942888390606868,3.746378564597004,1.905729388779932,0.9539492388635864,0.1973688080421285,0.0397153259897023,0.0,0.0,0.0,0.0,0.0,0.0,0.0,0.0,2.0,37.25203620786559,0.7890106605500039,0.9306175437534582,1,16
-1,1,45211.8264017652,2.1666666666060337,4.2710869706194,0.0011825021584784,3.162171907418205e-05,0.0,0.001144320122664,0.0,-0.0049510790632107,-0.0022851134138535,0.0397153259897023,0.0,0.0,0.0,0.0,0.0,0.0,0.0,0.0,1.0,298.0977902734025,0.7912085284400032,0.930517530943018,1,16
-1,1,45212.6597350985,0.8333333332993789,4.368753962663129,0.0011341026604826,-4.839949799588278e-05,0.0,0.001144320122664,0.0,-0.0006801809631671,-0.0008162171558338,0.0397153259897023,0.0,0.0,0.0,0.0,0.0,0.0,0.0,0.0,3.0,113.39768539953006,0.7929668227520027,0.9304175262175904,1,16
-1,1,45213.8264017652,1.1666666667006211,4.141938269800624,0.0011699040438161,3.5801383333576705e-05,0.0,0.001144320122664,0.0,-0.0041759243064403,-0.0035793636911303,0.0397153259897023,0.0,0.0,0.0,0.0,0.0,0.0,0.0,0.0,3.0,114.07472812490602,0.7943734582016022,0.93031751939315,1,16
-1,1,45215.3264017652,1.5,13.233646994659294,0.0011628204024195,-7.083641396641921e-06,0.0,0.001144320122664,0.0,-0.007426345788136,-0.0049508971920907,0.0397153259897023,0.0,0.0,0.0,0.0,0.0,0.0,0.0,0.0,2.0,8.967146137456057,0.7954987665612818,0.930217510671997,1,16
-1,1,45222.8264017652,1.1666666667006211,3.875051110423353,0.0011340910473105,-4.8956382582936425e-06,0.0,0.001144320122664,0.0,-0.0082148083202877,-0.0070412642743274,0.0397153259897023,0.0,0.0,0.0,0.0,0.0,0.0,0.0,0.0,0.0,300.0,0.7963990132490255,0.930117504056466,1,16
-1,1,45225.8264017652,3.0,0.2089086554001848,0.0011690542865623,3.496323925181546e-05,0.0,0.001144320122664,0.0,0.0159322274525663,0.0053107424841887,0.0397153259897023,0.0,0.0,0.0,0.0,0.0,0.0,0.0,0.0,1.0,25.83277718552162,0.7971192105992205,0.9300174865206516,1,16
-1,1,45226.3264017652,0.5,13.3434147728817,0.0011470393522353,-2.201493432701625e-05,0.0,0.001144320122664,0.0,-0.0010223905543149,-0.0020447811086299,0.0397153259897023,0.0,0.0,0.0,0.0,0.0,0.0,0.0,0.0,1.0,12.75938927894617,0.7976953684793765,0.9299174836530532,1,16
-1,1,45227.8264017652,1.5,12.989417664084932,0.0011379228788123,-9.116473422975936e-06,0.0,0.001144320122664,0.0,-0.0144504702052543,-0.0096336468035029,0.0397153259897023,0.0,0.0,0.0,0.0,0.0,0.0,0.0,0.0,1.0,25.452883408086084,0.7981562947835013,0.9298174751186316,1,16
-1,1,45228.8264017651,0.9999999998981366,8.977417492413375,0.0013955757609097,0.0002576528820973,0.0002072552588351,0.0013515753814781,0.000207255258814,0.0350069585919827,0.0350069585955487,0.0397153259897023,0.0,0.0,0.0,0.0,0.0,0.0,0.0,0.0,1.0,16.48264196490046,0.7985250358268011,0.9297174681407528,1,16
-1,1,45496.2185380427,3.0,30.04852109296282,0.3698114070303174,-1.432897884177937,-0.4648015544433834,0.3569459857225041,-1.39440466333015,-0.3307169598754003,-0.1102389866251334,0.0397153259897023,0.0,0.0,0.0,0.0,0.0,0.0,0.0,0.0,2.0,22.954972554121262,0.798820028661441,0.9296119209696474,1,16
-1,1,45593.8172900414,3.76541866579646,700.3995821925647,0.0809463040856239,-2.289898652184625,-0.6065440061226511,0.0827899782413354,-2.283892122281193,-2.695994850648608,-0.715988071960745,0.0397153259897023,0.0,0.0,0.0,0.0,0.0,0.0,0.0,0.0,2.0,116.04825315330297,0.7590560229291529,0.9295103969860256,1,16
-1,1,45595.2185380423,1.401248000904161,602.0430248946133,0.0313071851486333,-0.0496391189369906,-0.0356236692927498,0.0328723828599988,-0.0499175953813366,0.8775180200767423,0.6262403368358208,0.0397153259897023,0.0,0.0,0.0,0.0,0.0,0.0,0.0,0.0,1.0,199.14464358647365,0.7272448183433223,0.9294101776403728,1,16
-1,1,45909.7457489549,0.6666666665987577,28.521311235264776,1.971227818781952,-0.3525116459363113,-0.6445979316070305,1.8983521746345453,-0.429731954360913,-0.7828506936873927,-1.174276040650705,0.0397153259897023,0.0,0.0,0.0,0.0,0.0,0.0,0.0,0.0,2.0,103.75798736897144,0.7417958546746579,0.9293036068809776,1,16
-1,1,45919.9124156216,2.8333333334012423,43.97631500867716,0.0757862616726794,-0.4348847731037475,-0.1514338114112597,0.0745831578081845,-0.4290624656755196,0.0057335962650135,0.0020236222111327,0.0397153259897023,0.0,0.0,0.0,0.0,0.0,0.0,0.0,0.0,3.0,114.83423454438116,0.7534366837397264,0.9292025332422704,1,16
-1,1,45922.7457489549,2.833333333299379,33.250924352213524,0.0847744280636377,0.0089881663909583,0.004495793154684,0.08732123841297,0.0127380806047854,0.0026636414188443,0.0009401087360739,0.0397153259897023,0.0,0.0,0.0,0.0,0.0,0.0,0.0,0.0,2.0,174.28109958664186,0.7627493469917812,0.9291013322712062,1,16
-1,1,45935.9124156215,4.833333333299379,13.439586932676148,0.0003911838515649,-0.5470508795102345,-0.1114457206961887,0.0003906730863681,-0.5386543166944617,-0.0264109720272425,-0.0054643390401575,0.0397153259897023,0.0,0.0,0.0,0.0,0.0,0.0,0.0,0.0,1.0,8.282144758803572,0.770199477593425,0.9290013228175964,1,16
-1,1,45939.9124156215,4.0,0.9022469671700932,0.0003845374257022,-6.646425862724388e-06,0.0,0.0003906730863681,0.0,0.0175537159732321,0.004388428993308,0.0397153259897023,0.0,0.0,0.0,0.0,0.0,0.0,0.0,0.0,1.0,297.9943447005433,0.7761595820747401,0.928901315126848,1,16
-1,1,45948.7457489548,3.0,0.5475289899393265,0.0003975199965179,1.8027279927527063e-05,0.0,0.0003906730863681,0.0,0.0219015105123503,0.0073005035041167,0.0397153259897023,0.0,0.0,0.0,0.0,0.0,0.0,0.0,0.0,1.0,46.00289726050572,0.7809276656597922,0.928801309164048,1,16
-1,1,45966.7457489547,1.8333333332993789,4.658611348149741,1.2340382843149222,1.233638336716308,0.7026205178225634,1.2885282890705438,1.2881376159841758,-0.0148193852993094,-0.0080833010725003,0.0397153259897023,0.0,0.0,0.0,0.0,0.0,0.0,0.0,0.0,0.0,300.0,0.7847421325278339,0.928689997146442,1,16
-1,1,45966.9124156214,0.1666666667006211,4.323413715794889,1.3400424751127813,0.106004190797859,0.0,1.2885282890705438,0.0,-0.0121281075949797,-0.0727686455550534,0.0397153259897023,0.0,0.0,0.0,0.0,0.0,0.0,0.0,0.0,0.0,300.0,0.7877937060222672,0.9285888804443791,1,16
-1,1,45968.9124156214,2.0,6.1946463775846965,1.9531708067764768,0.6131283316636955,0.3592685276976022,2.007065344465748,0.7185370553952044,-0.0026265050067895,-0.0013132525033947,0.0397153259897023,0.0,0.0,0.0,0.0,0.0,0.0,0.0,0.0,0.0,300.0,0.7902349648178139,0.9284693487363116,1,16
-1,1,45970.079082288,1.1666666665987575,6.537321112231606,1.794220141505413,-0.1589506652710637,-0.2310118098255996,1.7375515663515697,-0.2695137781141785,0.1175776847310201,0.1007808726324549,0.0397153259897023,0.0,0.0,0.0,0.0,0.0,0.0,0.0,0.0,0.0,300.0,0.7921879718542512,0.9283588824521531,1,16
-1,1,45971.079082288,1.0,29.55173166546863,2.1143140466749,0.3200939051694862,0.3903980767785457,2.1279496431301155,0.3903980767785457,0.8734270939736826,0.8734270939736826,0.0397153259897023,0.0,0.0,0.0,0.0,0.0,0.0,0.0,0.0,0.0,300.0,0.793750377483401,0.9282483108819198,1,16
-1,1,46194.6022690484,1.0,0.138154181656861,1.1736659202244188,-0.000304767909647,0.0,1.1781325977252457,0.0,0.0175495086164922,0.0175495086164922,0.0397153259897023,0.0,0.0,0.0,0.0,0.0,0.0,0.0,0.0,0.0,300.0,0.7950003019867209,0.9281424425523188,1,16
-1,1,46195.7689357151,1.1666666667006211,4.110994117936427,1.1772067872223628,0.0035408669979439,0.0,1.1781325977252457,0.0,0.0024796797507073,0.0021254397862587,0.0397153259897023,0.0,0.0,0.0,0.0,0.0,0.0,0.0,0.0,0.0,300.0,0.7960002415893768,0.9280355755127264,1,16
-1,1,46199.2689357151,3.5,149.54051668974913,0.3949861621134858,-0.782220625108877,-0.2287862533710916,0.3773807109264248,-0.8007518867988208,-2.352076263587502,-0.6720217895964291,0.0397153259897023,0.0,0.0,0.0,0.0,0.0,0.0,0.0,0.0,0.0,300.0,0.7968001932715015,0.9279286632548894,1,16
-1,1,46202.4356023817,3.1666666665987577,14.446354205688309,2.36491822978286,1.969932067669374,0.6150998601506797,2.32519693469514,1.947816223768715,-1.1305550991840168,-0.3570173997499773,0.0397153259897023,0.0,0.0,0.0,0.0,0.0,0.0,0.0,0.0,0.0,300.0,0.7974401546172013,0.927791218716252,1,16
-1,1,46203.1022690484,0.6666666667006211,20.215083331288863,2.248547081605149,-0.1163711481777105,0.0,2.32519693469514,0.0,0.0015017334300284,0.0022526001449279,0.0397153259897023,0.0,0.0,0.0,0.0,0.0,0.0,0.0,0.0,0.0,300.0,0.7979521236937611,0.927683723559313,1,16
-1,1,46204.268935715,1.1666666665987575,10.07002945597216,2.329962502845291,0.0814154212401416,0.0,2.32519693469514,0.0,-0.0060711349880042,-0.0052038299900208,0.0397153259897023,0.0,0.0,0.0,0.0,0.0,0.0,0.0,0.0,0.0,300.0,0.798361698955009,0.9275701321113804,1,16
-1,1,46205.268935715,1.0,0.2002612620838322,2.336690780767015,0.0067282779217241,0.0,2.32519693469514,0.0,0.0057782016224958,0.0057782016224958,0.0397153259897023,0.0,0.0,0.0,0.0,0.0,0.0,0.0,0.0,0.0,300.0,0.7986893591640073,0.9274584486574766,1,16
-1,1,46206.6022690484,1.3333333334012425,19.73549403144306,2.351096205234944,0.0144054244679283,0.0,2.32519693469514,0.0,-0.0035374456400645,-0.0026530842299132,0.0397153259897023,0.0,0.0,0.0,0.0,0.0,0.0,0.0,0.0,0.0,300.0,0.7989514873312059,0.9273427746827742,1,16
-1,1,46207.4356023817,0.8333333332993789,10.514652020347537,2.385456622762986,0.0343604175280427,0.0,2.32519693469514,0.0,0.0063510780428974,0.0076212936517875,0.0397153259897023,0.0,0.0,0.0,0.0,0.0,0.0,0.0,0.0,0.0,300.0,0.7991611898649648,0.9272328352801796,1,16
-1,1,46210.9356023817,3.5,20.08740386159825,2.2872090118135,-0.0982476109494863,0.0,2.32519693469514,0.0,-0.0046695695249909,-0.0013341627214259,0.0397153259897023,0.0,0.0,0.0,0.0,0.0,0.0,0.0,0.0,0.0,300.0,0.7993289518919718,0.927092809122473,1,16
-1,1,46212.268935715,1.3333333332993789,9.814043153438645,2.357846395346975,0.0706373835334752,0.0,2.32519693469514,0.0,0.0015908877160786,0.0011931657870893,0.0397153259897023,0.0,0.0,0.0,0.0,0.0,0.0,0.0,0.0,0.0,300.0,0.7994631615135775,0.9269770901465044,1,16
-1,1,46213.268935715,1.0,0.6131802559346883,2.36702605171133,0.0091796563643549,0.0,2.32519693469514,0.0,0.0030307386818102,0.0030307386818102,0.0397153259897023,0.0,0.0,0.0,0.0,0.0,0.0,0.0,0.0,0.0,300.0,0.7995705292108621,0.926865255016246,1,16
-1,1,46218.1022690483,4.833333333299379,11.383165110073117,2.388705449597692,0.0216793978863614,0.0,2.32519693469514,0.0,-0.0105697611940818,-0.0021868471436184,0.0397153259897023,0.0,0.0,0.0,0.0,0.0,0.0,0.0,0.0,0.0,300.0,0.8396564233686898,0.926707527967881,1,16
-1,1,46221.268935715,3.166666666700621,11.024382861904511,2.268499890172557,-0.1202055594251345,0.0,2.32519693469514,0.0,0.00752015974092,0.0023747872865808,0.0397153259897023,0.0,0.0,0.0,0.0,0.0,0.0,0.0,0.0,0.0,300.0,0.8317251386949519,0.926571610052953,1,16
-1,1,46222.9356023816,1.6666666665987575,9.624256164075067,2.413030794346245,0.1445309041736884,0.0,2.32519693469514,0.0,-0.0034626631677081,-0.0020775979007095,0.0397153259897023,0.0,0.0,0.0,0.0,0.0,0.0,0.0,0.0,0.0,300.0,0.8253801109559616,0.9264515014630008,1,16
-1,1,46225.268935715,2.3333333334012423,199.0760325754192,0.7885393497687214,-1.6244914445775238,-0.6519615284485257,0.8039533682709725,-1.5212435664241677,-0.9798073785408584,-0.4199174479338609,0.0397153259897023,0.0,0.0,0.0,0.0,0.0,0.0,0.0,0.0,1.0,39.14190547804111,0.7803040887647693,0.9263423018372532,1,16
-1,1,46226.6022690483,1.3333333332993789,22.149110675750308,0.7953510442372231,0.0068116944685017,0.0,0.8039533682709725,0.0,0.0035818566044572,0.0026863924534113,0.0397153259897023,0.0,0.0,0.0,0.0,0.0,0.0,0.0,0.0,1.0,17.19535836584105,0.7842432710118156,0.9262369994969586,1,16
-1,1,46230.2689357149,3.6666666665987577,22.185792288630186,0.8411210257819678,0.0457699815447446,0.0,0.8039533682709725,0.0,-0.0078220623597418,-0.0021332897345145,0.0397153259897023,0.0,0.0,0.0,0.0,0.0,0.0,0.0,0.0,0.0,300.0,0.7873946168094526,0.9261215789448196,1,16
-1,1,46401.6985557883,1.0,0.101627090294062,0.5947367799358991,-0.0145721295869235,0.0,0.6082803547547829,0.0,0.0031336339341194,0.0031336339341194,0.0397153259897023,0.0,0.0,0.0,0.0,0.0,0.0,0.0,0.0,1.0,131.81660304588578,0.7899156934475621,0.9260186052609196,1,16
-1,1,46650.9785313394,1.8333333332993789,28.21758390825956,0.8440324913583214,0.0953025827345095,0.0739893686285789,0.8696013282935806,0.135647175816549,0.1122799659087787,0.061243617769559,0.0397153259897023,0.0,0.0,0.0,0.0,0.0,0.0,0.0,0.0,2.0,87.193202811873,0.7919325547580497,0.9259108682964158,1,16
-1,1,46652.9785313394,2.0,25.553463967411048,0.3588242887107841,-0.4852082026475372,-0.2478701883539293,0.3738609515857218,-0.4957403767078587,0.0214259512843519,0.0107129756421759,0.0397153259897023,0.0,0.0,0.0,0.0,0.0,0.0,0.0,0.0,2.0,40.775296210533554,0.7935460438064398,0.9258072800535286,1,16
-1,1,46655.6451980061,2.666666666700621,51.21978858012478,0.392422807761393,0.0335985190506088,0.0055056935126577,0.3885428009529962,0.0146818493672744,0.0556234147183101,0.0208587805191007,0.0397153259897023,0.0,0.0,0.0,0.0,0.0,0.0,0.0,0.0,2.0,57.723924387318384,0.7948368350451519,0.9257020477494252,1,16
-1,1,46656.145198006,0.4999999998981366,13.302654346861493,0.3990499740853375,0.0066271663239445,0.0,0.3885428009529962,0.0,0.0061826541253857,0.0123653082532906,0.0397153259897023,0.0,0.0,0.0,0.0,0.0,0.0,0.0,0.0,3.0,75.44180905388804,0.7958694680361216,0.92560105012449,1,16
-1,1,46679.645198006,3.0,19.380662980320697,2.1327667049310173,0.1427217739711732,0.0510282883889896,2.143817678325921,0.1530848651669689,0.0036562053413016,0.0012187351137672,0.0397153259897023,0.0,0.0,0.0,0.0,0.0,0.0,0.0,0.0,4.0,75.79033954775609,0.7966955744288974,0.9254690586239162,1,16
-1,1,46703.3118646725,0.3333333332993788,10.635628809511688,0.3949897610235264,-0.0137472197494197,0.0,0.4112901118242623,0.0,-0.0005050223403748,-0.0015150670212789,0.0397153259897023,0.0,0.0,0.0,0.0,0.0,0.0,0.0,0.0,2.0,269.94121852074704,0.797356459543118,0.925368400307648,1,16
-1,1,46705.9785313392,2.666666666700621,56.29053687068292,0.7663064155602828,0.3713166545367564,0.1258211350539128,0.7468131386389687,0.3355230268147063,0.0046342046943315,0.0017378267603521,0.0397153259897023,0.0,0.0,0.0,0.0,0.0,0.0,0.0,0.0,1.0,241.51945886851152,0.7978851676344945,0.9252581828887736,1,16
-1,1,46707.6451980058,1.6666666665987575,40.44409203309934,0.0723051320464625,-0.6940012835138203,-0.4043401867211064,0.072912827464583,-0.6739003111743856,0.0033767161573639,0.0020260296945008,0.0397153259897023,0.0,0.0,0.0,0.0,0.0,0.0,0.0,0.0,0.0,300.0,0.7983081341075956,0.9251575803460066,1,16
-1,1,46710.3118646725,2.666666666700621,24.717392075890697,1.8300392802648284,1.757734148218366,0.6509319130722405,1.808731262345993,1.73581843488141,-1.2831054525659895,-0.4811645447061194,0.0397153259897023,0.0,0.0,0.0,0.0,0.0,0.0,0.0,0.0,1.0,228.15383169556063,0.7986465072860766,0.9250331798222692,1,16
-1,1,47041.1147534127,0.3333333332993788,8.414697493458801,3.873613283102014e-05,1.7185840842142623e-06,0.0,3.819321028810096e-05,0.0,-0.0062228834762088,-0.018668650430528,0.0397153259897023,0.0,0.0,0.0,0.0,0.0,0.0,0.0,0.0,1.0,101.02565100390149,0.7989172058288613,0.9249331797577092,1,16
-1,1,47311.5423245509,1.0,0.3226503389808953,2.5598129625662875,-0.000598733098029,0.0,2.5596260014453347,0.0,-0.0179727238199296,-0.0179727238199296,0.0397153259897023,0.0,0.0,0.0,0.0,0.0,0.0,0.0,0.0,1.0,38.13112007798215,0.799133764663089,0.9248203806928964,1,16
-1,1,47404.420465823,4.0,62.65298199404417,1.954827229033257,1.7355087286433122,0.4327299709805159,1.9446802537475407,1.7309198839220636,-0.0500341996096391,-0.0125085499024097,0.0397153259897023,0.0,0.0,0.0,0.0,0.0,0.0,0.0,0.0,1.0,63.70020007177791,0.7993070117304714,0.9246812841483156,1,16
-1,1,47405.2537991563,0.8333333332993789,19.972758260605072,1.4047355780279056,-0.5500916510053515,-0.6573759240127696,1.3968669837592207,-0.5478132699883205,-0.0094408155356862,-0.011328978643285,0.0397153259897023,0.0,0.0,0.0,0.0,0.0,0.0,0.0,0.0,0.0,300.0,0.7994456093843771,0.9245754310834076,1,16
-1,1,47413.5423245505,1.2885253942004056,1038.61953234713,0.92576794357043,-1.46648183941085,-1.1386013597999696,0.9229985038110712,-1.4671167659733737,-1.970662323049393,-1.5293934694025082,0.0397153259897023,0.0,0.0,0.0,0.0,0.0,0.0,0.0,0.0,3.0,188.59932889408609,0.7595564875075017,0.9244694667058854,1,16
-1,1,47414.7537991563,1.2114746057995944,1064.631423420523,1.9787011345979195,1.0529331910274895,0.7852603030074423,1.8743214198470823,0.9513229160360112,1.975283625053546,1.6304787699200878,0.0397153259897023,0.0,0.0,0.0,0.0,0.0,0.0,0.0,0.0,0.0,300.0,0.7276451900060014,0.924357480975,1,16
-1,1,47415.7537991563,1.0,6.767574412017432,1.8054279999588183,-0.173273134639101,-0.002638168011199,1.871683251835884,-0.002638168011199,0.0121012285897528,0.0121012285897528,0.0397153259897023,0.0,0.0,0.0,0.0,0.0,0.0,0.0,0.0,0.0,300.0,0.7421161520048012,0.9242484538350004,1,16
-1,1,47419.0871324896,3.333333333299379,14.044193961158674,1.594221699234539,-0.2112063007242794,-0.0559879010862113,1.6850569148837466,-0.1866263369521368,-0.0527006546812551,-0.0158101964045376,0.0397153259897023,0.0,0.0,0.0,0.0,0.0,0.0,0.0,0.0,1.0,89.74559080368604,0.753692921603841,0.9241218834733468,1,16
-1,1,47421.5423245504,2.455192060799164,1292.0457459503466,2.1538636286294803,0.5596419293949413,0.1924878882306424,2.1576516498676166,0.4725947349838699,0.5736697208592236,0.2336557412427012,0.0397153259897023,0.0,0.0,0.0,0.0,0.0,0.0,0.0,0.0,1.0,69.08128356177163,0.7229543372830729,0.9239954427289416,1,16
-1,1,47422.4204658229,0.8781412725002156,1300.636988386481,2.028030561727568,-0.1258330669019125,-0.1434971496530249,2.0316408802711554,-0.1260107695964611,0.942463208594674,1.073247822541495,0.0397153259897023,0.0,0.0,0.0,0.0,0.0,0.0,0.0,0.0,0.0,300.0,0.6983634698264584,0.9238865382422508,1,16
-1,1,47424.0871324895,1.6666666665987575,38.02476977970969,0.6466899542733351,-1.3813406074542327,-0.8283254031171543,0.6510985417988155,-1.38054233847234,0.0282692253914742,0.0169615352355756,0.0397153259897023,0.0,0.0,0.0,0.0,0.0,0.0,0.0,0.0,0.0,300.0,0.7186907758611667,0.9237811491592988,1,16
-1,1,47425.0871324895,1.0,16.854747538516612,0.8504125443147443,0.2037225900414092,0.2023849575443383,0.8534834993431539,0.2023849575443383,-0.0044740840756638,-0.0044740840756638,0.0397153259897023,0.0,0.0,0.0,0.0,0.0,0.0,0.0,0.0,0.0,300.0,0.7349526206889334,0.9236768970965772,1,16
-1,1,47428.2537991562,3.166666666700621,44.5922243832493,2.923290841665653,2.072878297350909,0.6491901533433981,2.909252318285957,2.055768818942804,0.0101333921302115,0.0032000185674009,0.0397153259897023,0.0,0.0,0.0,0.0,0.0,0.0,0.0,0.0,1.0,34.444821597637656,0.7479620965511468,0.9235306116582502,1,16
-1,1,47430.2089912171,1.9551920609010267,1265.2556650390106,0.369104065802146,-2.554186775863507,-1.305805906917512,0.3561509760031729,-2.5531013422827846,-1.3879951104915558,-0.7099021821170423,0.0397153259897023,0.0,0.0,0.0,0.0,0.0,0.0,0.0,0.0,2.0,175.7896306064362,0.7183696772409174,0.9234270033115548,1,16
-1,1,47433.2089912171,3.0,41.74643381768821,1.242554555927938,0.873450490125792,0.2828752032136062,1.2047765856439916,0.8486256096408187,-0.0691909677644453,-0.0230636559214817,0.0397153259897023,0.0,0.0,0.0,0.0,0.0,0.0,0.0,0.0,1.0,196.3825554702776,0.734695741792734,0.9233083649932158,1,16
-1,1,47435.3756578837,2.1666666665987577,27.61626612506607,0.0250186219819607,-1.2175359339459773,-0.5443808057211655,0.025284839951768,-1.1794917456922236,-0.0366972967173655,-0.0169372138700841,0.0397153259897023,0.0,0.0,0.0,0.0,0.0,0.0,0.0,0.0,1.0,222.60818663334388,0.7477565934341872,0.9232080939581444,1,16
-1,1,47832.3445259999,3.0,14.533231404064075,4.481457853280911,-0.0280366581074815,-1.1522965220223114e-05,4.500127943088364,-3.456889566066934e-05,-0.0045452057219761,-0.001515068573992,0.0397153259897023,0.0,0.0,0.0,0.0,0.0,0.0,0.0,0.0,2.0,218.9859595909005,0.7982052747473498,0.9230408720903452,1,16
-1,1,47975.4230108585,2.999999999905413,39.18352291691085,0.0548153330452695,-0.1158547556958305,-0.0379904993102962,0.056446534763661,-0.1139714979272953,-0.0271884939096054,-0.0090628313034875,0.0397153259897023,0.0,0.0,0.0,0.0,0.0,0.0,0.0,0.0,6.0,216.8536357903513,0.79856421979788,0.9229400498603496,1,16
-1,1,47977.0896775252,1.6666666666933452,24.20841738326289,0.5354114187450193,0.4805960856997497,0.2788024791218372,0.5211173333074945,0.4646707985438335,-0.0071742097117875,-0.0043045258270036,0.0397153259897023,0.0,0.0,0.0,0.0,0.0,0.0,0.0,0.0,7.0,203.28871384571968,0.798851375838304,0.9228355880985266,1,16
-1,1,47998.2563441918,2.833333333299379,38.11553178784166,2.43237741686673,-0.5577327351400823,-0.2002361183477113,2.4325085176801724,-0.5673356686450499,-1.3263514561146632,-0.4681240433401969,0.0397153259897023,0.0,0.0,0.0,0.0,0.0,0.0,0.0,0.0,1.0,285.3178162550791,0.7990811006706433,0.9227011294184546,1,16
-1,1,47998.4230108585,0.1666666667006211,9.601450245912778,1.884829531417794,-0.5475478854489357,-3.150092433956766,1.907493111913752,-0.5250154057664207,-0.0844599803082806,-0.5067598817464432,0.0397153259897023,0.0,0.0,0.0,0.0,0.0,0.0,0.0,0.0,1.0,294.85492151667444,0.7992648805365147,0.922599558727178,1,16
-1,1,47998.7563441918,0.3333333332993788,24.22397680047334,1.853978659536497,-0.0308508718812967,0.0,1.907493111913752,0.0,-0.0010757418442546,-0.0032272255330926,0.0397153259897023,0.0,0.0,0.0,0.0,0.0,0.0,0.0,0.0,0.0,300.0,0.7594119044292118,0.922496468762746,1,16
-1,1,48002.0896775251,3.333333333299379,29.584994508142543,0.5396591813307868,-1.3143194782057104,-0.4123232217916023,0.5330823726224108,-1.374410739291341,0.0031395703550414,0.000941871106522,0.0397153259897023,0.0,0.0,0.0,0.0,0.0,0.0,0.0,0.0,0.0,300.0,0.7675295235433696,0.9223874744430572,1,16
-1,1,48014.0896775251,1.0,12.452946742481648,0.8307561512413661,0.2802618543289278,0.2560095150468925,0.8139583921706687,0.2560095150468925,-0.0012400083106367,-0.0012400083106367,0.0397153259897023,0.0,0.0,0.0,0.0,0.0,0.0,0.0,0.0,4.0,120.7829723704904,0.7740236188346957,0.9222833206623008,1,16
-1,1,48024.7563441917,1.3333333332993789,31.203979446548058,2.516437021378956,0.5746884304140405,0.3741732610827636,2.447027834908158,0.49889768143098,0.005355527677842,0.0040166457584838,0.0397153259897023,0.0,0.0,0.0,0.0,0.0,0.0,0.0,0.0,1.0,281.4922079391502,0.7792188950677567,0.9221665444154922,1,16
-1,1,48031.2563441917,0.6666666667006211,23.252474298672823,2.847980532231052,0.0302252781625971,0.0,2.8329607017157405,0.0,-0.0193521171833324,-0.0290281757735201,0.0397153259897023,0.0,0.0,0.0,0.0,0.0,0.0,0.0,0.0,2.0,224.09133059417115,0.7833751160542054,0.9220570511470508,1,16
-1,1,48035.2016103975,3.945266205795633,1228.879198761018,0.0776783505840262,-2.770302181647025,-0.6984031032941402,0.0775745402665721,-2.7553861614491684,-0.0147481129861741,-0.0037381794324826,0.0397153259897023,0.0,0.0,0.0,0.0,0.0,0.0,0.0,0.0,0.0,300.0,0.7467000928433644,0.9219555188381936,1,16
-1,1,48134.2016103971,3.666666666693345,22.42459145212912,4.706871272127756,0.0423120130626415,-0.0003805302250412,4.500169766052979,-0.0013952774918282,0.0799167373361946,0.0217954738188035,0.0397153259897023,0.0,0.0,0.0,0.0,0.0,0.0,0.0,0.0,1.0,3.939708358126632,0.7973600742746916,0.921769226198204,1,16
-1,1,48135.2016103971,1.0,0.6493997934200767,4.634503636599838,-0.0723676355279181,0.0,4.500169766052979,0.0,0.0053282422146994,0.0053282422146994,0.0397153259897023,0.0,0.0,0.0,0.0,0.0,0.0,0.0,0.0,1.0,4.307471612451893,0.7978880594197534,0.921646053680021,1,16
-1,1,48326.8167413676,2.0,0.0843908076181493,0.0004547796920249,2.875190068900888e-06,0.0,0.0004470074958206,0.0,0.0249518173694958,0.0124759086847479,0.0397153259897023,0.0,0.0,0.0,0.0,0.0,0.0,0.0,0.0,0.0,300.0,0.7983104475358028,0.921546049132224,1,16
-1,1,48634.9816271966,2.833333333299379,7.936397539318571,2.404493976787645,-0.0604339872131607,0.0,2.4170606405062416,0.0,-0.0089390372114857,-0.0031549543099739,0.0397153259897023,0.0,0.0,0.0,0.0,0.0,0.0,0.0,0.0,4.0,156.40556941406618,0.8386483580286423,0.9214119854675532,1,16
-1,1,48652.3149605299,1.8333333332993789,38.5160899721835,4.587112414856876,0.1312132716136389,0.0,4.499292624460329,0.0,-0.01049309224656,-0.005723504861866,0.0397153259897023,0.0,0.0,0.0,0.0,0.0,0.0,0.0,0.0,0.0,300.0,0.830918686422914,0.9212699369370844,1,16
-1,1,48656.6482938632,4.333333333306655,30.76550216068048,0.0808714622615384,-4.506240952595338,-1.0197138729661452,0.0805325083009046,-4.418760116159425,-2.3189974673260725,-0.5351532616939269,0.0397153259897023,0.0,0.0,0.0,0.0,0.0,0.0,0.0,0.0,2.0,216.0738326928411,0.8247349491383312,0.9211681847220689,1,16
-1,1,48659.1482938632,2.5,36.3762032332403,4.531796684097343,4.450925221835805,1.7677368534035278,4.499874641809724,4.419342133508819,0.4878633726221153,0.1951453490488461,0.0397153259897023,0.0,0.0,0.0,0.0,0.0,0.0,0.0,0.0,2.0,204.6515160733716,0.8197879593106651,0.9210115372635176,1,16
-1,1,48660.3149605299,1.1666666666933452,8.119205119346622,4.646370300209478,0.1145736161121346,0.0,4.499874641809724,0.0,0.0035260152148235,0.0030222987554939,0.0397153259897023,0.0,0.0,0.0,0.0,0.0,0.0,0.0,0.0,2.0,197.79781442214448,0.8558303674485321,0.9208844334367656,1,16
-1,1,48664.9816271965,4.666666666606034,12.396208527638152,2.5748022083803104,-2.0715680918291675,-0.4096592683952054,2.588131389323604,-1.9117432524861195,-0.1240496146528045,-0.0265820602830892,0.0397153259897023,0.0,0.0,0.0,0.0,0.0,0.0,0.0,0.0,2.0,141.94721586203192,0.8846642939588258,0.9207243547185712,1,16
-1,1,48666.1482938632,1.1666666667006211,20.257002758596634,2.960402253500514,0.3856000451202037,0.3016338497693651,2.9400375473981053,0.3519061580745011,-0.5911272457195467,-0.5066804963162936,0.0397153259897023,0.0,0.0,0.0,0.0,0.0,0.0,0.0,0.0,1.0,20.74340625521988,0.8677314351670607,0.9206070857054252,1,16
-1,1,49373.5275618324,3.0,44.17660158704445,2.070704460086387,1.286219392169588,0.448208557546617,2.1091114464539027,1.3446256726398509,-0.4126931267362823,-0.1375643755787607,0.0397153259897023,0.0,0.0,0.0,0.0,0.0,0.0,0.0,0.0,0.0,300.0,0.8541851481336487,0.9204760251385238,1,16
-1,1,49376.5275618324,3.0,0.1161609612203226,2.049215212353752,-0.0214892477326356,0.0,2.1091114464539027,0.0,0.0002032824061588,6.776080205295187e-05,0.0397153259897023,0.0,0.0,0.0,0.0,0.0,0.0,0.0,0.0,0.0,300.0,0.843348118506919,0.9203452869103386,1,16
-1,1,49390.5275618324,5.0,64.3360691481467,1.6415450358839956,1.4875728843038571,0.2983506707985006,1.6418915791951407,1.4917533539925032,-1.956126983732542,-0.3912253967465083,0.0397153259897023,0.0,0.0,0.0,0.0,0.0,0.0,0.0,0.0,0.0,300.0,0.8346784948055354,0.9202042482844414,1,16
-1,1,49392.5275618324,2.0,0.4389228890816395,1.6503300601464654,0.0087850242624698,0.0,1.6418915791951407,0.0,-0.004348711415437,-0.0021743557077185,0.0397153259897023,0.0,0.0,0.0,0.0,0.0,0.0,0.0,0.0,0.0,300.0,0.8277427958444283,0.9200877449838398,1,16
-1,1,49512.4501715952,4.0,27.396305362642448,2.12597093902888,0.0473742723217154,0.0082993350911274,2.0810634462548205,0.0331973403645098,-0.0777104694457411,-0.0194276173614352,0.0397153259897023,0.0,0.0,0.0,0.0,0.0,0.0,0.0,0.0,4.0,141.4840102818692,0.8221942366755427,0.9199452255650592,1,16
-1,1,49514.1168382619,1.6666666667006211,17.298920958290495,1.584989204754086,-0.5409817342747936,-0.3057278337768175,1.5715170566164105,-0.50954638963841,-0.0519945965836834,-0.0311967579495745,0.0397153259897023,0.0,0.0,0.0,0.0,0.0,0.0,0.0,0.0,5.0,163.02173016383117,0.8177553893404342,0.919832017321686,1,16
-1,1,49563.6168382617,3.5,69.51116304060858,1.0182272694203616,0.9997041610690214,0.2814410084076734,1.0033277207819886,0.9850435294268568,1.0818783738970872,0.3091081068277392,0.0397153259897023,0.0,0.0,0.0,0.0,0.0,0.0,0.0,0.0,1.0,85.4062115966156,0.8142043114723475,0.9197141983444712,1,16
-1,1,49745.4128412788,5.0,0.7484523879780156,1.7178515170091029,0.0047820077268112,0.0,1.720708059019762,0.0,0.0018426834298952,0.000368536685979,0.0397153259897023,0.0,0.0,0.0,0.0,0.0,0.0,0.0,0.0,0.0,300.0,0.8113634491778781,0.919571252056546,1,16
-1,1,49755.4128412788,0.5,11.111348731029786,1.723765617108843,-0.0062265027487644,0.0,1.720708059019762,0.0,-0.0027948689021988,-0.0055897378043976,0.0397153259897023,0.0,0.0,0.0,0.0,0.0,0.0,0.0,0.0,0.0,300.0,0.8090907593423026,0.9194669426425032,1,16
-1,1,49755.9128412788,0.5,10.8589217519394,1.7191828285533912,-0.0045827885554514,0.0,1.720708059019762,0.0,0.0016961429797155,0.003392285959431,0.0397153259897023,0.0,0.0,0.0,0.0,0.0,0.0,0.0,0.0,0.0,300.0,0.8072726074738421,0.919362644685432,1,16
-1,1,49758.9128412788,3.0,113.9454447000496,1.4845579085503446,-0.2346249200030465,-0.0573746375758526,1.548584146292204,-0.172123912727558,-0.9492679627596704,-0.3164226542532235,0.0397153259897023,0.0,0.0,0.0,0.0,0.0,0.0,0.0,0.0,1.0,256.77740993372777,0.8058180859790738,0.9192403763168036,1,16
-1,1,49761.9128412788,3.0,0.3284725607489017,1.58045361251337,0.0958957039630254,0.0,1.548584146292204,0.0,0.0009787536008594,0.0003262512002864,0.0397153259897023,0.0,0.0,0.0,0.0,0.0,0.0,0.0,0.0,2.0,261.234489664499,0.8046544687832591,0.919116669512616,1,16
-1,1,50244.9534635085,0.5,12.023892639108928,1.8283156469367767,-0.0007057125344278,0.0,1.8297239293699368,0.0,-0.0067632548105871,-0.0135265096211742,0.0397153259897023,0.0,0.0,0.0,0.0,0.0,0.0,0.0,0.0,2.0,148.66581192317454,0.8037235750266073,0.9190120987234986,1,16
-1,1,50248.4534635085,3.5,28.75925241345294,0.662338737417196,-1.1659769095195816,-0.3320302151425668,0.6676181763709527,-1.162105752998984,0.3350359408514345,0.0957245545289812,0.0397153259897023,0.0,0.0,0.0,0.0,0.0,0.0,0.0,0.0,3.0,168.42154820533275,0.8029788600212859,0.9189005077955938,1,16
-1,1,50250.4534635085,2.0,119.96822040211474,2.257184266340993,1.594845528923797,0.7920578782314278,2.251733932833808,1.5841157564628556,0.0273797276489911,0.0136898638244955,0.0397153259897023,0.0,0.0,0.0,0.0,0.0,0.0,0.0,0.0,4.0,142.0384220461005,0.8023830880170288,0.9187779359529304,1,16
-1,1,50251.4534635085,1.0,0.5002016317752519,2.2416362021069185,-0.0155480642340743,0.0,2.251733932833808,0.0,-0.0067784601553091,-0.0067784601553091,0.0397153259897023,0.0,0.0,0.0,0.0,0.0,0.0,0.0,0.0,2.0,107.18820645238328,0.8019064704136232,0.9186667277719198,1,16
-1,1,50309.4534635085,3.0,83.8654093887566,1.5397697961618462,0.4454480814891652,0.1715033712579693,1.600747552667554,0.5145101137739081,0.0490574163237984,0.0163524721079328,0.0397153259897023,0.0,0.0,0.0,0.0,0.0,0.0,0.0,0.0,0.0,300.0,0.8015251763308986,0.9185436312249774,1,16
-1,1,50329.1731535177,4.0,0.2852308083651885,4.42876018713696,-0.1029038055670055,0.0,4.500116954021278,0.0,-0.0141923585436138,-0.0035480896359034,0.0397153259897023,0.0,0.0,0.0,0.0,0.0,0.0,0.0,0.0,0.0,300.0,0.801220141064719,0.9183550560212348,1,16
-1,1,50331.506486851,2.333333333299379,49.290965849777606,4.518291747052812,0.0895315599158523,-5.081753335351079e-05,4.499998379776788,-0.0001185742444897,-1.1008006087079374,-0.4717716894531241,0.0397153259897023,0.0,0.0,0.0,0.0,0.0,0.0,0.0,0.0,0.0,300.0,0.8009761128517753,0.91820234261752,1,16
-1,1,50333.506486851,2.0,42.03780950466501,4.494473211928865,-0.0238185351239472,3.108182085531652e-05,4.500060543418499,6.216364171063304e-05,1.4525575076792858,0.7262787538396429,0.0397153259897023,0.0,0.0,0.0,0.0,0.0,0.0,0.0,0.0,0.0,300.0,0.8007808902814203,0.9180573978854004,1,16
-1,1,50337.9534635085,4.446976657498453,436.83675721860703,2.200921303681981,-2.293551908246884,-0.5096257602467977,2.233766683541086,-2.266293859877413,-0.1105255037499284,-0.0248540777841865,0.0397153259897023,0.0,0.0,0.0,0.0,0.0,0.0,0.0,0.0,0.0,300.0,0.7606247122251363,0.9179084606570882,1,16
-1,1,50391.5064868508,4.0,0.709684711490032,2.405313284498418e-05,-1.9454693325313442e-07,0.0,2.4646896095035726e-05,0.0,-0.0049744051625095,-0.0012436012906273,0.0397153259897023,0.0,0.0,0.0,0.0,0.0,0.0,0.0,0.0,1.0,257.23503446699704,0.7684997697801091,0.9178084601760256,1,16
-1,1,50395.5064868508,4.0,1.3479523406933889,2.4581572551667644e-05,5.284397066834638e-07,0.0,2.4646896095035726e-05,0.0,-0.0052311669717464,-0.0013077917429366,0.0397153259897023,0.0,0.0,0.0,0.0,0.0,0.0,0.0,0.0,2.0,211.8628713770836,0.7747998158240874,0.917708459684394,1,16
-1,1,50407.1731535174,3.666666666693345,89.09616821357052,1.7954450078318311,0.5734604595194359,0.1772204511724677,1.87969368698294,0.649808320970443,1.282943005149075,0.3498935468562929,0.0397153259897023,0.0,0.0,0.0,0.0,0.0,0.0,0.0,0.0,1.0,283.8672704656747,0.77983985265927,0.9175755431925836,1,16
-1,1,50408.339820184,1.1666666666060337,4.39312347428098,1.8976467145749267,0.1022017067430955,0.0,1.87969368698294,0.0,-0.0002558157603802,-0.0002192706517658,0.0397153259897023,0.0,0.0,0.0,0.0,0.0,0.0,0.0,0.0,1.0,280.6108572679681,0.7838718821274161,0.9174644735867492,1,16
-1,1,50412.1731535174,3.8333333333939663,53.25369078782391,4.502905922981439,2.6052592084065123,0.6835618026754501,4.500013930613611,2.620320243630672,-1.296393399718472,-0.3381895825299043,0.0397153259897023,0.0,0.0,0.0,0.0,0.0,0.0,0.0,0.0,1.0,265.12621509847247,0.7870975057019329,0.9172781678898906,1,16
-1,1,50413.5064868507,1.3333333333066548,12.20410185934694,4.51555866076493,0.0126527377834912,0.0,4.500013930613611,0.0,-0.0069482824029232,-0.0052112118022966,0.0397153259897023,0.0,0.0,0.0,0.0,0.0,0.0,0.0,0.0,1.0,277.1108088443374,0.7896780045615465,0.917148064165486,1,16
-1,1,50414.339820184,0.8333333332993789,107.89130499167253,2.069731114730439,-2.445827546034492,-2.9879561771085776,2.010050449791251,-2.48996348082236,2.462283125156758,2.9547397503085016,0.0397153259897023,0.0,0.0,0.0,0.0,0.0,0.0,0.0,0.0,2.0,189.0001065888688,0.7517424036492372,0.9170394402858418,1,16
-1,1,50416.5064868507,2.166666666700621,41.8885345372676,4.48002743340193,2.410296318671491,1.1493182654230163,4.500240024913478,2.490189575122227,-2.3856478461047645,-1.1010682366464823,0.0397153259897023,0.0,0.0,0.0,0.0,0.0,0.0,0.0,0.0,2.0,206.0382413827045,0.7613939229193898,0.9168909066553124,1,16
-1,1,50419.5064868507,3.0,23.822800901598097,4.518323408579049,0.0382959751771192,-3.90745650709808e-05,4.500122801218265,-0.0001172236952129,-0.2088908189099823,-0.069630272969994,0.0397153259897023,0.0,0.0,0.0,0.0,0.0,0.0,0.0,0.0,1.0,181.84135123612995,0.7691151383355119,0.916723131804184,1,16
-1,1,50424.5064868506,4.999999999898137,102.3965522892383,0.2917869157456761,-4.2265364928333735,-0.8415803727929075,0.2922209373394537,-4.207901863878812,-3.000628141687729,-0.600125628349772,0.0397153259897023,0.0,0.0,0.0,0.0,0.0,0.0,0.0,0.0,2.0,143.7166726023484,0.7752921106684096,0.9166158371312904,1,16
-1,1,50437.1731535173,0.3333333334012422,11.330380502472016,2.566028934896151,-0.009957517807781,0.0,2.5644839937953643,0.0,0.0079593926403429,0.0238781779161642,0.0397153259897023,0.0,0.0,0.0,0.0,0.0,0.0,0.0,0.0,1.0,264.62611554357176,0.7802336885347277,0.916511560416398,1,16
-1,1,50437.3398201839,0.1666666665987577,4.353429011328783,2.557390366754748,-0.0086385681414027,0.0,2.5644839937953643,0.0,-0.0086903154455741,-0.0521418926946905,0.0397153259897023,0.0,0.0,0.0,0.0,0.0,0.0,0.0,0.0,1.0,267.37042000267945,0.7841869508277822,0.91640942925776,1,16
-1,1,50449.710163686,1.0,11.591580698117813,0.3884754159397936,-0.4712008947707379,-0.4490237069036377,0.3965899245659655,-0.4490237069036377,-0.0057303521021498,-0.0057303521021498,0.0397153259897023,0.0,0.0,0.0,0.0,0.0,0.0,0.0,0.0,1.0,36.82067522484878,0.7873495606622258,0.9163074868806802,1,16
-1,1,50809.1329668963,1.0,2.3696534582723694,2.5834193659289606,0.6314365532710811,0.6450377453743872,2.5988002496762284,0.6450377453743872,-0.1536995455964804,-0.1536995455964804,0.0397153259897023,0.0,0.0,0.0,0.0,0.0,0.0,0.0,0.0,1.0,104.42334630777196,0.8298796485297808,0.9161945697838504,1,16
-1,1,51565.8858589843,3.0,0.6517899878498656,1.0950950461329327,0.0065007088310415,0.0,1.0485289853929285,0.0,0.008811886594974,0.002937295531658,0.0397153259897023,0.0,0.0,0.0,0.0,0.0,0.0,0.0,0.0,1.0,4.0817021991204,0.8239037188238247,0.9160781433581584,1,16
-1,1,51572.2191923176,0.3333333334012422,11.266989546283426,1.0124644446990116,-0.010323766272458,0.0,1.0485289853929285,0.0,-0.0034852280835702,-0.0104556842485805,0.0397153259897023,0.0,0.0,0.0,0.0,0.0,0.0,0.0,0.0,2.0,26.253459846268328,0.8191229750590598,0.915976455917417,1,16
-1,1,51576.2191923176,4.0,38.39611944160545,0.0949620505284622,-0.9175023941705494,-0.2383588780138538,0.0950934733375131,-0.9534355120554154,-1.5256208431024028,-0.3814052107756007,0.0397153259897023,0.0,0.0,0.0,0.0,0.0,0.0,0.0,0.0,1.0,18.500649902048856,0.815298380047248,0.9158745566764064,1,16
-1,1,51921.6854370669,1.0,9.387954366169566,1.4633166747301742,-0.3879536605487066,-0.3652051335746626,1.4574403294811953,-0.3652051335746626,-0.4611965597429388,-0.4611965597429388,0.0397153259897023,0.0,0.0,0.0,0.0,0.0,0.0,0.0,0.0,1.0,184.47773289523525,0.8122387040377984,0.9157672400930328,1,16
-1,1,52021.7997779003,1.1666666667006211,1509.5031130627765,2.448247536749001,0.2527378334474957,0.2606888080909258,2.4950653680166752,0.3041369427815983,-1.3539838825652135,-1.1605576135935494,0.0397153259897023,0.0,0.0,0.0,0.0,0.0,0.0,0.0,0.0,0.0,300.0,0.7697909632302388,0.915652958649068,1,16
-1,1,52026.4664445669,4.666666666598758,1191.6013297338177,2.2547136434230137,-0.1935338933259878,-0.046945730843323,2.2759852907510223,-0.2190800772656529,0.6580683310795301,0.141014642376237,0.0397153259897023,0.0,0.0,0.0,0.0,0.0,0.0,0.0,0.0,0.0,300.0,0.735832770584191,0.9155003486640556,1,16
-1,1,52029.1331112336,2.666666666700621,556.9227759516696,1.5079868754518886,-0.7467267679711251,-0.2659512254601224,1.5667820228483322,-0.7092032679026901,1.4094818304238217,0.5285556864022031,0.0397153259897023,0.0,0.0,0.0,0.0,0.0,0.0,0.0,0.0,1.0,178.59731910479107,0.7086662164673528,0.9153802421723828,1,16
-1,1,52029.7997779002,0.6666666666060337,978.824829836038,1.678810125362885,0.1708232499109965,0.1516752144896216,1.6678988324988837,0.1011168096505512,-1.7081173209427716,-2.562175981647186,0.0397153259897023,0.0,0.0,0.0,0.0,0.0,0.0,0.0,0.0,1.0,272.30131509552604,0.6869329731738822,0.915274646138632,1,16
-1,1,52536.6627934251,2.166666666700621,16.422274176099705,1.399987921679354,-0.6739179875129158,-0.3194012328215894,1.3960925379682485,-0.6920360044576221,-0.3454462189088705,-0.1594367164169801,0.0397153259897023,0.0,0.0,0.0,0.0,0.0,0.0,0.0,0.0,0.0,300.0,0.7095463785391058,0.9151594796028134,1,16
-1,1,52538.3294600918,1.6666666667006211,63.15314777329031,2.811744807760226,1.4117568860808718,0.8423365007762051,2.7999867059571915,1.403894167988943,0.0042516167912167,0.002550970074678,0.0397153259897023,0.0,0.0,0.0,0.0,0.0,0.0,0.0,0.0,0.0,300.0,0.7276371028312847,0.9150360483960815,1,16
-1,1,52567.4961267583,3.0,0.1788190539485404,1.7334785154526695,-0.0046877706012395,0.0,1.7318189532946386,0.0,0.0003486075248231,0.0001162025082743,0.0397153259897023,0.0,0.0,0.0,0.0,0.0,0.0,0.0,0.0,1.0,238.6426720142124,0.7421096822650278,0.91491004621835,1,16
-1,1,52568.3294600916,0.8333333332993789,4.303885635672796,1.7166039570165272,-0.0168745584361424,0.0,1.7318189532946386,0.0,-0.0012331263792599,-0.0014797516551722,0.0397153259897023,0.0,0.0,0.0,0.0,0.0,0.0,0.0,0.0,1.0,241.18540142096785,0.7536877458120224,0.9148028937018626,1,16
-1,1,52568.4961267583,0.1666666667006211,4.504487927023103,1.7381618825192828,0.0215579255027555,0.0,1.7318189532946386,0.0,0.0087084833631596,0.052250900168313,0.0397153259897023,0.0,0.0,0.0,0.0,0.0,0.0,0.0,0.0,1.0,238.3843827727381,0.7629501966496179,0.9147014452336268,1,16
-1,1,52998.3165043355,3.333333333299379,28.07475422896145,0.3707534498188942,0.2777650693642003,0.0838923798025164,0.3732340547681856,0.2796412660055396,0.0148377211921344,0.0044513163576856,0.0397153259897023,0.0,0.0,0.0,0.0,0.0,0.0,0.0,0.0,1.0,242.23594292126515,0.7703601573196944,0.9145952660094632,1,16
-1,1,53001.9831710022,3.666666666700621,48.52107878418412,2.721008381712452,2.350254931893558,0.6429580873078289,2.7307470415853894,2.357512986817204,-0.0137001216597796,-0.0037363968162689,0.0397153259897023,0.0,0.0,0.0,0.0,0.0,0.0,0.0,0.0,1.0,208.1169283305184,0.7762881258557556,0.9144453808557982,1,16
-1,1,53228.998134005,2.666666666700621,15.338132476870824,0.4471873643093119,-1.04874611200786,-0.408996644418083,0.4452346678072963,-1.090657718462109,0.0387855035989592,0.0145445638494245,0.0397153259897023,0.0,0.0,0.0,0.0,0.0,0.0,0.0,0.0,4.0,88.48661551359551,0.7810305006846046,0.9143394183576072,1,16
-1,1,53231.3314673383,2.333333333299379,113.22850413092992,0.3302119855001449,-0.1169753788091669,-0.0518756792589732,0.3241914162047867,-0.1210432516025096,0.0238788365160549,0.0102337870784581,0.0397153259897023,0.0,0.0,0.0,0.0,0.0,0.0,0.0,0.0,2.0,129.85893560414263,0.7848244005476838,0.9142355658844432,1,16
-1,1,53474.2275158122,4.0,53.774102536221385,0.7776590166853913,0.0042307208348598,-0.0037506538166049,0.7631256979694798,-0.0150026152664197,-0.1813330068449237,-0.0453332517112309,0.0397153259897023,0.0,0.0,0.0,0.0,0.0,0.0,0.0,0.0,0.0,300.0,0.7878595204381471,0.9141200127041096,1,16
-1,1,53475.5608491455,1.3333333332993789,1.6668552673154884,0.8409259719900577,0.0632669553046664,0.0449258979258438,0.8230268952024128,0.0599011972329329,-0.0266482834094428,-0.019986212557591,0.0397153259897023,0.0,0.0,0.0,0.0,0.0,0.0,0.0,0.0,0.0,300.0,0.8302876163505177,0.914014406530963,1,16
-1,1,53476.5608491455,1.0,13.06758917827489,0.7302202821750122,-0.1107056898150454,-0.1149093071436243,0.7081175880587884,-0.1149093071436243,-0.0184496350973737,-0.0184496350973737,0.0397153259897023,0.0,0.0,0.0,0.0,0.0,0.0,0.0,0.0,0.0,300.0,0.8242300930804143,0.913910755429552,1,16
-1,1,53524.5608491453,1.3333333332993789,11.774704350417162,2.3985832410953165,-0.1208816153389809,0.0,2.463830771433325,0.0,-0.0079154214826138,-0.0059365661121115,0.0397153259897023,0.0,0.0,0.0,0.0,0.0,0.0,0.0,0.0,2.0,161.95526191708328,0.8193840744643315,0.913794764874612,1,16
-1,1,53802.0086918313,1.8333333332993789,2.9081903004881555,1.7241815491027928,0.0147713079472395,0.0,1.7173749802301863,0.0,0.0061265369061445,0.0033417474034134,0.0397153259897023,0.0,0.0,0.0,0.0,0.0,0.0,0.0,0.0,3.0,131.68667273525105,0.8555072595714652,0.9136789598770788,1,16
-1,1,54133.0485644238,2.0,555.9990625187796,2.6163211102739505,1.161913701950156,0.5874217145880654,2.6073567379371143,1.1748434291761307,-2.549815161326541,-1.2749075806632706,0.0397153259897023,0.0,0.0,0.0,0.0,0.0,0.0,0.0,0.0,0.0,300.0,0.8044058076571722,0.913552796665976,1,16
-1,1,54136.0485644238,3.0,803.5014359466215,2.2479962520609966,-0.3683248582129539,-0.139464305378471,2.188963821801701,-0.4183929161354132,-2.583408757778696,-0.8611362525928984,0.0397153259897023,0.0,0.0,0.0,0.0,0.0,0.0,0.0,0.0,1.0,242.4246426304672,0.7635246461257378,0.913419076722195,1,16
-1,1,54144.0485644238,0.5,560.8963423870221,1.9443170011125224,0.9486808511152884,1.94049104366502,1.9697458609265883,0.97024552183251,-2.1278110856582337,-4.255622171316468,0.0397153259897023,0.0,0.0,0.0,0.0,0.0,0.0,0.0,0.0,0.0,300.0,0.7308197169005902,0.9133142159296924,1,16
-1,1,54188.0485644238,4.0,780.7438912668367,2.079270027428986,0.0962224387485015,0.0119072614326625,2.061425595289447,0.04762904573065,-0.0786327779061735,-0.0196581944765433,0.0397153259897023,0.0,0.0,0.0,0.0,0.0,0.0,0.0,0.0,0.0,300.0,0.7046557735204722,0.9131726305291438,1,16
-1,1,54189.0485644238,1.0,1213.1627498548876,1.8727593792025232,-0.2065106482264627,-0.1879564306953014,1.8734691645941453,-0.1879564306953014,1.542650814109214,1.542650814109214,0.0397153259897023,0.0,0.0,0.0,0.0,0.0,0.0,0.0,0.0,0.0,300.0,0.6837246188163777,0.9130632667322476,1,16
-1,1,54902.8237383129,2.6666666665987577,9.50025649753668,3.501365158659687,-0.0821573337187033,0.0,3.601166397535138,0.0,-0.0094945603321558,-0.0035604601246491,0.0397153259897023,0.0,0.0,0.0,0.0,0.0,0.0,0.0,0.0,1.0,223.95678361439303,0.7469796950531022,0.9129165818634668,1,16
-1,1,54929.1570716461,0.6666666665987577,19.338523132304587,2.6143146862064843,-0.0791963189347808,0.0,2.689542572363702,0.0,-0.003185107640113,-0.0047776614606562,0.0397153259897023,0.0,0.0,0.0,0.0,0.0,0.0,0.0,0.0,0.0,300.0,0.7575837560424818,0.9128078674811804,1,16
-1,1,54930.9904049795,1.8333333334012425,10.138730744555165,2.7071881091497696,0.0928734229432852,0.0,2.689542572363702,0.0,-0.0113797244727873,-0.0062071224394722,0.0397153259897023,0.0,0.0,0.0,0.0,0.0,0.0,0.0,0.0,1.0,154.2789208822358,0.7660670048339856,0.9126830515901788,1,16
-1,1,54932.1570716461,1.1666666665987575,10.191671241453946,2.770648624573407,0.0634605154236376,0.0,2.689542572363702,0.0,0.0106810720864256,0.0091552046460406,0.0397153259897023,0.0,0.0,0.0,0.0,0.0,0.0,0.0,0.0,2.0,171.361499849834,0.7728536038671886,0.9125668894732032,1,16
-1,1,54950.4904049794,0.5,13.236456402400602,0.1390997280506566,-0.001478308786344,0.0,0.1437353979070251,0.0,-0.0068423924362872,-0.0136847848725745,0.0397153259897023,0.0,0.0,0.0,0.0,0.0,0.0,0.0,0.0,2.0,262.04118447356865,0.7782828830937509,0.912466541723883,1,16
-1,1,54951.4904049794,1.0,0.7378983791378754,0.1418932537360807,0.0027935256854241,0.0,0.1437353979070251,0.0,0.0092299638812862,0.0092299638812862,0.0397153259897023,0.0,0.0,0.0,0.0,0.0,0.0,0.0,0.0,1.0,273.76058124899475,0.7826263064750009,0.9123658322576144,1,16
-1,1,54954.4904049794,3.0,0.4076706487208412,0.1438958226968684,0.0020025689607876,0.0,0.1437353979070251,0.0,-0.000604641796714,-0.0002015472655713,0.0397153259897023,0.0,0.0,0.0,0.0,0.0,0.0,0.0,0.0,0.0,300.0,0.8261010451800008,0.9122636738202738,1,16
-1,1,54956.4904049794,2.0,0.2231610194509815,0.1464906594091894,0.0025948367123209,0.0,0.1437353979070251,0.0,0.0038971964270704,0.0019485982135352,0.0397153259897023,0.0,0.0,0.0,0.0,0.0,0.0,0.0,0.0,0.0,300.0,0.8608808361440008,0.9121622089136796,1,16
-1,1,54960.8237383127,4.333333333299379,12.278315313911396,0.1497704335903529,0.0032797741811635,0.0,0.1437353979070251,0.0,-0.0126618299015812,-0.0029219607465416,0.0397153259897023,0.0,0.0,0.0,0.0,0.0,0.0,0.0,0.0,0.0,300.0,0.8487046689152007,0.9120589638876186,1,16
-1,1,54964.157071646,3.333333333299379,12.969401210216322,0.148966114989068,-0.0008043186012849,0.0,0.1437353979070251,0.0,-0.000187872765788,-5.63618297369807e-05,0.0397153259897023,0.0,0.0,0.0,0.0,0.0,0.0,0.0,0.0,0.0,300.0,0.8389637351321606,0.9119564811190356,1,16
-1,1,54978.4904049793,4.666666666693345,12.81832608208755,0.13642478490963,-0.0044018265170661,0.0,0.1437353979070251,0.0,-0.0122906243345468,-0.0026337052145306,0.0397153259897023,0.0,0.0,0.0,0.0,0.0,0.0,0.0,0.0,0.0,300.0,0.8311709881057285,0.9118532978740544,1,16
-1,1,54980.1570716459,1.6666666666060337,25.036709472894337,0.1408040374580109,0.0043792525483808,0.0,0.1437353979070251,0.0,0.008627139824338,0.0051762838947911,0.0397153259897023,0.0,0.0,0.0,0.0,0.0,0.0,0.0,0.0,1.0,133.43923062804387,0.8249367904845829,0.9117521245070755,1,16
-1,1,54981.1570716459,1.0,0.5101173236422722,0.1364102583370522,-0.0043937791209586,0.0,0.1437353979070251,0.0,0.0017406730479447,0.0017406730479447,0.0397153259897023,0.0,0.0,0.0,0.0,0.0,0.0,0.0,0.0,1.0,133.63112816676903,0.8199494323876664,0.9116514424557838,1,16
-1,1,54987.9904049792,1.1666666665987575,12.40076576963724,0.1190399698286516,0.0396415696348581,0.0354574323790681,0.1211283735201495,0.0413670044398383,-0.0009003369748699,-0.0007717174070762,0.0397153259897023,0.0,0.0,0.0,0.0,0.0,0.0,0.0,0.0,0.0,300.0,0.8159595459101332,0.9115507480559598,1,16
-1,1,54989.9904049792,2.0,26.06280878205867,0.5779147620315849,0.4588747922029332,0.2220576533404174,0.5652436802009844,0.4441153066808349,0.0040875541471843,0.0020437770735921,0.0397153259897023,0.0,0.0,0.0,0.0,0.0,0.0,0.0,0.0,0.0,300.0,0.8127676367281066,0.9114449689083396,1,16
-1,1,54993.1570716459,3.166666666700621,32.747122843870166,0.4801126463168334,-0.0978021157147514,-0.0271155791645176,0.4793776795124246,-0.0858660006885597,-0.0273750768495006,-0.0086447611102759,0.0397153259897023,0.0,0.0,0.0,0.0,0.0,0.0,0.0,0.0,0.0,300.0,0.8102141093824854,0.9113373671247728,1,16
-1,1,54994.9904049792,1.8333333332993789,34.69037716220985,0.8440593165800827,0.3639466702632493,0.2218908612198031,0.8861775917411961,0.4067999122287715,-0.0072336161774142,-0.0039456088241172,0.0397153259897023,0.0,0.0,0.0,0.0,0.0,0.0,0.0,0.0,0.0,300.0,0.8081712875059884,0.911229629914371,1,16
-1,1,54999.9904049792,5.0,66.9069812446948,0.1907573553981975,-0.6533019611818852,-0.1381636020574826,0.1953595814537829,-0.6908180102874133,-0.0028713887430784,-0.0005742777486156,0.0397153259897023,0.0,0.0,0.0,0.0,0.0,0.0,0.0,0.0,0.0,300.0,0.8065370300047908,0.911124860980486,1,16
-1,1,55645.0241633014,2.0,27.868937367324776,0.0001672207144971,-0.8346577491944295,-0.405519812862567,0.0001626849189072,-0.8110396257251341,-0.0079523577961992,-0.0039761788980996,0.0397153259897023,0.0,0.0,0.0,0.0,0.0,0.0,0.0,0.0,4.0,242.348329616612,0.8052296240038327,0.9110248593082788,1,16
-1,1,55648.3574966348,3.3333333334012423,29.17062880083297,0.1710144006231011,0.170847179908604,0.052469379715392,0.1750606173071105,0.1748979323882033,-0.0504490711731597,-0.0151347213516395,0.0397153259897023,0.0,0.0,0.0,0.0,0.0,0.0,0.0,0.0,3.0,215.6894399176201,0.8041836992030662,0.9109220090682684,1,16
-1,1,55655.8574966347,0.8333333332993789,503.6139719334192,1.9337555389097505,1.474830702234013,1.781173015262502,1.9322134036443008,1.4843108459916063,-1.8960794277990267,-2.27529531345154,0.0397153259897023,0.0,0.0,0.0,0.0,0.0,0.0,0.0,0.0,1.0,207.39522231722808,0.763346959362453,0.9108139517535232,1,16
-1,1,55658.3574966347,2.5,156.52755680369896,0.7423979389753395,-1.191357599934411,-0.4766179171299767,0.7406686108193588,-1.191544792824942,-2.6716619658719374,-1.068664786348775,0.0397153259897023,0.0,0.0,0.0,0.0,0.0,0.0,0.0,0.0,1.0,165.45699542444598,0.7306775674899625,0.910704671779286,1,16
-1,1,55659.3574966347,1.0,16.528257115469913,0.0521904637200914,-0.6902074752552481,-0.6901189928048932,0.0505496180144655,-0.6901189928048932,-0.0023616759727342,-0.0023616759727342,0.0397153259897023,0.0,0.0,0.0,0.0,0.0,0.0,0.0,0.0,0.0,300.0,0.74454205399197,0.9106044108269674,1,16
-1,1,55660.8574966347,1.5,47.9122452393212,0.2434515954060124,0.191261131685921,0.126857585984673,0.2408359969914751,0.1902863789770095,1.6175277267221695,1.0783518178147795,0.0397153259897023,0.0,0.0,0.0,0.0,0.0,0.0,0.0,0.0,0.0,300.0,0.7556336431935761,0.910502584940002,1,16
-1,1,55661.8574966347,1.0,0.8865584778452448,0.2492141849016518,0.0057625894956393,0.0,0.2408359969914751,0.0,-0.0260420855732284,-0.0260420855732284,0.0397153259897023,0.0,0.0,0.0,0.0,0.0,0.0,0.0,0.0,1.0,131.14174736517757,0.764506914554861,0.9104013388690774,1,16
-1,1,55670.190829968,2.166666666700621,3.796265328761504,0.2371840200793997,-0.0026239949680798,0.0,0.2408359969914751,0.0,-0.0101278855894948,-0.0046744087335397,0.0397153259897023,0.0,0.0,0.0,0.0,0.0,0.0,0.0,0.0,0.0,300.0,0.7716055316438889,0.9102987693755265,1,16
-1,1,55674.190829968,4.0,1.2622187761094206,1.1659644105571123,0.9287803904777124,0.2363414423545419,1.1862017664096427,0.9453657694181676,-0.0432433605675739,-0.0108108401418934,0.0397153259897023,0.0,0.0,0.0,0.0,0.0,0.0,0.0,0.0,0.0,300.0,0.7772844253151112,0.9101754500873154,1,16
-1,1,55677.8574966346,3.6666666665987577,11.89499055906272,1.204639073703374,0.0386746631462615,0.0,1.1862017664096427,0.0,0.0068343764969478,0.0018639208628384,0.0397153259897023,0.0,0.0,0.0,0.0,0.0,0.0,0.0,0.0,0.0,300.0,0.781827540252089,0.9100533650376312,1,16
-1,1,55680.3574966346,2.5,25.378060035662863,1.1792270437954704,-0.0254120299079034,0.0,1.1862017664096427,0.0,-0.0127220263779785,-0.0050888105511914,0.0397153259897023,0.0,0.0,0.0,0.0,0.0,0.0,0.0,0.0,1.0,135.58937742179776,0.7854620322016713,0.9099386246995838,1,16
-1,1,55683.1908299679,2.833333333299379,13.970022928748785,1.163465624038206,-0.0157614197572644,0.0,1.1862017664096427,0.0,0.0215856123745448,0.0076184514264012,0.0397153259897023,0.0,0.0,0.0,0.0,0.0,0.0,0.0,0.0,1.0,123.30704126870344,0.7883696257613372,0.90982214226991,1,16
-1,1,55685.1908299679,2.0,0.6394281114178326,1.1642887379345446,0.0008231138963386,0.0,1.1862017664096427,0.0,-0.0205207890545069,-0.0102603945272534,0.0397153259897023,0.0,0.0,0.0,0.0,0.0,0.0,0.0,0.0,1.0,151.95436792003548,0.7906957006090698,0.9097104993825308,1,16
-1,1,55690.1908299679,5.0,0.370591552003567,1.2133348500116667,0.0490461120771221,0.0,1.1862017664096427,0.0,0.0187916262978813,0.0037583252595762,0.0397153259897023,0.0,0.0,0.0,0.0,0.0,0.0,0.0,0.0,1.0,103.67661603171616,0.7925565604872559,0.9095801660112806,1,16
-1,1,55692.3574966346,2.166666666700621,12.428781000795912,1.1527956288136394,-0.0605392211980273,0.0,1.1862017664096427,0.0,-0.0184460135791733,-0.0085135447287158,0.0397153259897023,0.0,0.0,0.0,0.0,0.0,0.0,0.0,0.0,1.0,111.69249689568956,0.7940452483898047,0.909467677391968,1,16
-1,1,55712.8574966345,1.5,161.96741642285028,1.9322316776398247,0.7153400129303307,0.4973410914897719,1.9322134036443008,0.7460116372346579,1.125569385107104,0.7503795900714026,0.0397153259897023,0.0,0.0,0.0,0.0,0.0,0.0,0.0,0.0,0.0,300.0,0.7552361987118438,0.9093531856543858,1,16
-1,1,55714.5241633012,1.6666666667006211,13.714865427841069,1.939571286185673,0.0073396085458483,0.0,1.9322134036443008,0.0,-0.0027223318825808,-0.0016333991295152,0.0397153259897023,0.0,0.0,0.0,0.0,0.0,0.0,0.0,0.0,0.0,300.0,0.7641889589694751,0.909237022560334,1,16
-1,1,55715.0241633012,0.5,26.20514654376705,1.9255834927356843,-0.0139877934499892,0.0,1.9322134036443008,0.0,-0.0009949392668913,-0.0019898785337826,0.0397153259897023,0.0,0.0,0.0,0.0,0.0,0.0,0.0,0.0,0.0,300.0,0.7713511671755802,0.909132208601602,1,16
-1,1,55716.0241633012,1.0,0.1796531957039292,1.9274661227000025,0.0018826299643179,0.0,1.9322134036443008,0.0,0.0062493097044047,0.0062493097044047,0.0397153259897023,0.0,0.0,0.0,0.0,0.0,0.0,0.0,0.0,0.0,300.0,0.7770809337404642,0.9090225712709886,1,16
-1,1,55716.6908299678,0.6666666666060337,12.376346426680977,1.9364431650897345,0.0089770423897319,0.0,1.9322134036443008,0.0,-0.0176011232045878,-0.0264016848092829,0.0397153259897023,0.0,0.0,0.0,0.0,0.0,0.0,0.0,0.0,0.0,300.0,0.7816647469923714,0.9089161164604388,1,16
-1,1,55720.3574966345,3.666666666693345,146.27621905797855,0.8085273755726177,-1.1279157895171168,-0.3068488480522607,0.8071009607778249,-1.1251124428664756,-3.112707246675125,-0.8489201581779483,0.0397153259897023,0.0,0.0,0.0,0.0,0.0,0.0,0.0,0.0,0.0,300.0,0.7853317975938973,0.9088012934585532,1,16
-1,1,55724.3574966345,4.0,0.1859708822633545,0.8068464966848499,-0.0016808788877678,0.0,0.8071009607778249,0.0,-0.0027978561119179,-0.0006994640279794,0.0397153259897023,0.0,0.0,0.0,0.0,0.0,0.0,0.0,0.0,0.0,300.0,0.7882654380751178,0.9086851565286196,1,16
-1,1,55725.5241633011,1.1666666666060337,36.311543357671255,0.8097782540946215,0.0029317574097715,0.0,0.8071009607778249,0.0,-0.0011866905811155,-0.0010171633552947,0.0397153259897023,0.0,0.0,0.0,0.0,0.0,0.0,0.0,0.0,0.0,300.0,0.7906123504600944,0.9085804328221376,1,16
-1,1,55734.5241633011,3.0,1.1570113062698868,0.8039907903486891,-5.7826402627081386e-05,0.0,0.8071009607778249,0.0,-0.0017376027306252,-0.0005792009102084,0.0397153259897023,0.0,0.0,0.0,0.0,0.0,0.0,0.0,0.0,0.0,300.0,0.8324898803680756,0.9084683729602824,1,16
-1,1,55742.1908299677,1.1666666665987575,2.7248861955380472,0.6502688354740269,-0.0599722289599594,-0.050271188465428,0.6482318870742525,-0.0586497198729188,-0.0661410976573821,-0.0566923694239132,0.0397153259897023,0.0,0.0,0.0,0.0,0.0,0.0,0.0,0.0,1.0,117.80439648324791,0.8259919042944606,0.908364579725409,1,16
-1,1,55744.3574966344,2.166666666700621,13.666433030109744,2.5281433849359742,1.8778745494619475,0.9006732345811097,2.599690562030572,1.95145867495632,-0.0938498466930708,-0.0433153138576615,0.0397153259897023,0.0,0.0,0.0,0.0,0.0,0.0,0.0,0.0,1.0,110.371731547124,0.8207935234355686,0.908237191505405,1,16
-1,1,55746.3574966344,2.0,23.525715948711905,2.546472261299454,0.0183288763634799,-0.0341951983821791,2.531300165266214,-0.0683903967643582,-0.6258069074239216,-0.3129034537119608,0.0397153259897023,0.0,0.0,0.0,0.0,0.0,0.0,0.0,0.0,1.0,76.95976514588412,0.8166348187484549,0.908111726782792,1,16
-1,1,55751.1908299677,4.833333333299379,84.70623613076427,2.477033863751384,-0.0694383975480708,0.0027769806441917,2.544722238379713,0.013422073113499,-1.126868355338548,-0.2331451769682339,0.0397153259897023,0.0,0.0,0.0,0.0,0.0,0.0,0.0,0.0,1.0,74.18361944789024,0.813307854998764,0.9079518651310852,1,16
-1,1,55751.3574966343,0.1666666665987577,12.8447754008473,2.6034516614738883,0.1264177977225049,0.0,2.544722238379713,0.0,-0.0090006208577082,-0.0540037251682535,0.0397153259897023,0.0,0.0,0.0,0.0,0.0,0.0,0.0,0.0,1.0,68.98713131969228,0.7706462839990113,0.9078496955880349,1,16
-1,1,55769.3574966343,4.666666666700621,41.59955876822603,0.6428432650077429,0.3303491236533764,0.075287708066905,0.6640017040401284,0.3513426376481132,-0.7747415055339673,-0.1660160368989279,0.0397153259897023,0.0,0.0,0.0,0.0,0.0,0.0,0.0,0.0,0.0,300.0,0.7765170271992091,0.9077346959118512,1,16
-1,1,55770.3574966343,1.0,11.56009969310214,0.6743786153705885,0.0315353503628456,0.0218966327038925,0.6858983367440209,0.0218966327038925,0.0838222612408796,0.0838222612408796,0.0397153259897023,0.0,0.0,0.0,0.0,0.0,0.0,0.0,0.0,0.0,300.0,0.7812136217593674,0.9076313240187744,1,16
-1,1,55770.6908299676,0.3333333332993788,25.33110625779484,0.6789658125680591,0.0045871971974705,0.0,0.6858983367440209,0.0,0.0069214367846792,0.0207643103561529,0.0397153259897023,0.0,0.0,0.0,0.0,0.0,0.0,0.0,0.0,0.0,300.0,0.7449708974074939,0.9075301924090868,1,16
-1,1,55874.6515143486,5.0,41.52786054170965,4.275486504463079e-05,-0.4047887188072765,-0.0810866286799074,4.395594148148909e-05,-0.4054331433995374,-0.1839018577832627,-0.0367803715566525,0.0397153259897023,0.0,0.0,0.0,0.0,0.0,0.0,0.0,0.0,1.0,10.277654600609123,0.7559767179259952,0.9074301913402152,1,16
-1,1,55878.6515143486,4.0,0.8908383373283504,4.508219538276815e-05,2.3273303381373577e-06,0.0,4.395594148148909e-05,0.0,-0.022997474627322,-0.0057493686568305,0.0397153259897023,0.0,0.0,0.0,0.0,0.0,0.0,0.0,0.0,1.0,16.60745322832899,0.7647813743407962,0.9073301904385714,1,16
-1,1,55940.318181015,3.666666666700621,62.41327536768491,0.3255906302824294,0.2466972505230254,0.0671208630521073,0.3246241007847432,0.2461098311933393,-0.0087593358606756,-0.0023889097801621,0.0397153259897023,0.0,0.0,0.0,0.0,0.0,0.0,0.0,0.0,1.0,41.61351473458623,0.771825099472637,0.907224221277016,1,16
-1,1,55942.6515143483,2.333333333299379,18.37345872130246,0.0001916729930526,-0.3253989572893767,-0.1390424658499005,0.0001916804730296,-0.3244324203117135,0.0042587985305129,0.0018251993702463,0.0397153259897023,0.0,0.0,0.0,0.0,0.0,0.0,0.0,0.0,0.0,300.0,0.7774600795781097,0.9071242190408312,1,16
-1,1,56271.4484740287,2.166666666700621,26.24264568555424,0.1552519774980389,0.1552461497818084,0.0714113617492175,0.1547303740430216,0.1547246171257295,-1.626760394894976,-0.7508124899397612,0.0397153259897023,0.0,0.0,0.0,0.0,0.0,0.0,0.0,0.0,0.0,300.0,0.7819680636624878,0.9070225371444084,1,16
-1,1,56305.1151406952,5.0,0.1479775577490773,0.4485093783086484,0.0027744414729332,0.0,0.4469743024711698,0.0,-0.0010593060518058,-0.0002118612103611,0.0397153259897023,0.0,0.0,0.0,0.0,0.0,0.0,0.0,0.0,0.0,300.0,0.7855744509299903,0.9069113244099506,1,16
-1,1,56322.4484740285,3.0,0.3780963893109904,0.4470174691832733,0.0009372064453789,0.0,0.4469743024711698,0.0,0.0019589265744874,0.0006529755248291,0.0397153259897023,0.0,0.0,0.0,0.0,0.0,0.0,0.0,0.0,1.0,21.2085903087909,0.7884595607439924,0.9068046191479128,1,16
-1,1,56327.4484740284,4.9999999999054126,0.4808626530226113,0.4470908496361613,7.338045288801665e-05,0.0,0.4469743024711698,0.0,-0.000592040038855,-0.0001184080077732,0.0397153259897023,0.0,0.0,0.0,0.0,0.0,0.0,0.0,0.0,1.0,20.965781400714448,0.790767648595194,0.906693441876672,1,16
-1,1,56404.9484740281,2.833333333299379,23.05791135670704,2.061288637371172,0.4779027595062883,0.1488189699050676,2.008768113761207,0.4216537480593052,0.3783293934293654,0.1335280212119644,0.0397153259897023,0.0,0.0,0.0,0.0,0.0,0.0,0.0,0.0,0.0,300.0,0.7926141188761553,0.906564240287643,1,16
-1,1,56406.4484740281,1.5,15.925152630964716,2.0223744740225067,-0.0389141633486653,0.0127505076010908,2.027893875162844,0.0191257614016362,1.0385331463981942,0.6923554309321295,0.0397153259897023,0.0,0.0,0.0,0.0,0.0,0.0,0.0,0.0,0.0,300.0,0.7940912951009244,0.906449072479088,1,16
-1,1,56419.9484740281,1.3333333332993789,10.002414060224584,0.9135659310846824,-0.0164032195975587,0.0,0.9139640251823012,0.0,0.0015071227535732,0.0011303420652087,0.0397153259897023,0.0,0.0,0.0,0.0,0.0,0.0,0.0,0.0,0.0,300.0,0.7952730360807395,0.9063429820395476,1,16
-1,1,56423.6151406947,3.6666666666060337,278.72786270731365,2.04731355681682,1.1337476257321373,0.298461690793328,2.008323558073074,1.0943595328907727,3.018058232425477,0.8231067906751048,0.0397153259897023,0.0,0.0,0.0,0.0,0.0,0.0,0.0,0.0,0.0,300.0,0.7562184288645917,0.9062054479576732,1,16
-1,1,56423.7818073614,0.1666666667006211,10.520970229707572,2.022940245957244,-0.024373310859576,0.0,2.008323558073074,0.0,0.0027729094654609,0.0166374567893761,0.0397153259897023,0.0,0.0,0.0,0.0,0.0,0.0,0.0,0.0,0.0,300.0,0.7249747430916734,0.9061037621741344,1,16
-1,1,56427.448474028,3.6666666665987577,19.374001351221104,2.0252605049098604,0.0023202589526167,0.0,2.008323558073074,0.0,0.008068157023934,0.0022004064611136,0.0397153259897023,0.0,0.0,0.0,0.0,0.0,0.0,0.0,0.0,0.0,300.0,0.7399797944733388,0.9059666323982116,1,16
-1,1,56702.0736366794,1.0,0.3969910249294615,0.4336207243334607,0.0253217767940922,0.0,0.4296067655862265,0.0,0.0032541250465301,0.0032541250465301,0.0397153259897023,0.0,0.0,0.0,0.0,0.0,0.0,0.0,0.0,0.0,300.0,0.791983835578671,0.90586446429459,1,16
-1,1,56992.9445966789,1.0,14.316078727550526,0.0291473892421875,-0.064289569112074,-0.0676153489365229,0.0306259976182894,-0.0676153489365229,0.0026529195207474,0.0026529195207474,0.0397153259897023,0.0,0.0,0.0,0.0,0.0,0.0,0.0,0.0,0.0,300.0,0.7935870684629369,0.905764318557644,1,16
-1,1,56996.9445966789,4.0,57.4563533024847,0.7935876476690263,0.7644402584268388,0.1970576144532086,0.8188564554311241,0.7882304578128346,-0.0096161135515511,-0.0024040283878877,0.0397153259897023,0.0,0.0,0.0,0.0,0.0,0.0,0.0,0.0,1.0,145.84637383433505,0.7948696547703497,0.9056484468046906,1,16
-1,1,56998.9445966789,2.0,28.858293091027587,1.0716116661134427,0.2780240184444164,0.1379397928321618,1.0947360410954476,0.2758795856643236,0.0086814617323591,0.0043407308661795,0.0397153259897023,0.0,0.0,0.0,0.0,0.0,0.0,0.0,0.0,2.0,85.55327494990699,0.7958957238162798,0.9055377306880296,1,16
-1,1,57000.9445966789,2.0,28.46688422835757,0.0180407146990337,-1.053570951414409,-0.5381766216746492,0.0183827977461493,-1.0763532433492984,-0.0092296076098827,-0.0046148038049413,0.0397153259897023,0.0,0.0,0.0,0.0,0.0,0.0,0.0,0.0,1.0,36.73325918606517,0.796716579053024,0.9054375502808824,1,16
-1,1,57003.9445966788,2.9999999998981366,42.88417106702346,0.2836197424275001,0.2655790277284664,0.0846935168249927,0.2724633482125003,0.254080550466351,-0.0013540250036627,-0.0004513416679029,0.0397153259897023,0.0,0.0,0.0,0.0,0.0,0.0,0.0,0.0,0.0,300.0,0.7973732632424192,0.9053332959847462,1,16
-1,1,57005.9445966788,2.0,28.315073724034008,0.8853761836545031,0.6017564412270029,0.3093822648926951,0.8912278779978907,0.6187645297853903,0.041505244028388,0.020752622014194,0.0397153259897023,0.0,0.0,0.0,0.0,0.0,0.0,0.0,0.0,1.0,219.4012115564455,0.7978986105939354,0.9052244422229097,1,16
-1,1,57008.9445966788,3.0,392.030643877807,0.6631342837215998,-0.2222418999329033,-0.0705261427065406,0.6796494498782687,-0.211578428119622,-0.173685607860492,-0.057895202620164,0.0397153259897023,0.0,0.0,0.0,0.0,0.0,0.0,0.0,0.0,0.0,300.0,0.7583188884751484,0.9051144952086538,1,16
-1,1,57026.9445966788,0.3333333333939663,7.630963866627088,0.7107617271894013,-0.0086269102788867,0.0,0.7041511884603234,0.0,0.0030409822494075,0.0091229467465631,0.0397153259897023,0.0,0.0,0.0,0.0,0.0,0.0,0.0,0.0,2.0,10.125966963810994,0.7666551107801188,0.9050133106057748,1,16
-1,1,57067.2779300119,0.1666666665987577,8.548412550093193,0.0986793244008298,-0.0003299638810472,0.0,0.0993374033528386,0.0,0.0076925047879949,0.0461550287467759,0.0397153259897023,0.0,0.0,0.0,0.0,0.0,0.0,0.0,0.0,0.0,300.0,0.7733240886240952,0.9049132283730046,1,16
-1,1,57067.9445966786,0.6666666667006211,13.427326337913572,0.0990999386653046,0.0004206142644748,0.0,0.0993374033528386,0.0,-0.0002425661057388,-0.0003638491585896,0.0397153259897023,0.0,0.0,0.0,0.0,0.0,0.0,0.0,0.0,0.0,300.0,0.7786592708992762,0.9048128980398756,1,16
-1,1,57070.2779300119,2.333333333299379,13.740305441790314,0.0991156236015757,1.568493627113199e-05,0.0,0.0993374033528386,0.0,0.0032523070255554,0.0013938458681154,0.0397153259897023,0.0,0.0,0.0,0.0,0.0,0.0,0.0,0.0,1.0,245.77212283441585,0.782927416719421,0.9047117416909336,1,16
-1,1,57071.4445966786,1.1666666667006211,4.962942684795279,0.1017092355099643,0.0025936119083886,0.0,0.0993374033528386,0.0,-0.0091723987884679,-0.0078620561041723,0.0397153259897023,0.0,0.0,0.0,0.0,0.0,0.0,0.0,0.0,1.0,249.78043785087343,0.7863419333755369,0.90461114838706,1,16
-1,1,57086.7779300118,2.4999999998981366,7.873412948862925,0.8465798264293479,-0.0338043578149989,0.0,0.8682376535277067,0.0,0.0050489574060015,0.0020195829624829,0.0397153259897023,0.0,0.0,0.0,0.0,0.0,0.0,0.0,0.0,1.0,142.3489145642264,0.7890735467004296,0.90450056613923,1,16
-1,1,57087.2779300118,0.5,8.2147214920689,0.9012470356939928,0.0546672092646447,0.0,0.8682376535277067,0.0,0.0032714229512205,0.006542845902441,0.0397153259897023,0.0,0.0,0.0,0.0,0.0,0.0,0.0,0.0,0.0,300.0,0.7912588373603437,0.9043983130216408,1,16
-1,1,57088.7779300118,1.5,8.351494650438902,0.8411790985748386,-0.060067937119154,0.0,0.8682376535277067,0.0,0.0021987443296773,0.0014658295531182,0.0397153259897023,0.0,0.0,0.0,0.0,0.0,0.0,0.0,0.0,1.0,274.7709404138658,0.7930070698882751,0.9042920041784014,1,16
-1,1,57099.9445966785,1.0,13.884683445630278,0.0424816891787926,-0.0189965260488902,-0.017373146246594,0.0423951600818211,-0.017373146246594,-0.0623575730523637,-0.0623575730523637,0.0397153259897023,0.0,0.0,0.0,0.0,0.0,0.0,0.0,0.0,0.0,300.0,0.7944056559106202,0.9041917917699556,1,16
-1,1,57101.9445966784,1.9999999998981368,26.535344529221817,0.6390597219584359,0.5965780327796433,0.2932906095190044,0.6289763790899545,0.5865812190081333,0.0166094533122089,0.0083047266565274,0.0397153259897023,0.0,0.0,0.0,0.0,0.0,0.0,0.0,0.0,0.0,300.0,0.7955245247284962,0.9040854011727362,1,16
-1,1,57103.2779300118,1.3333333334012425,40.88081403607665,0.2480585019251445,-0.3910012200332913,-0.2766093775728646,0.2601638756406841,-0.3688125034492703,-0.0124849289866157,-0.0093636967394849,0.0397153259897023,0.0,0.0,0.0,0.0,0.0,0.0,0.0,0.0,0.0,300.0,0.7964196197827971,0.90398374744939,1,16
-1,1,57119.111263345,0.9999999999054126,302.0099489840392,0.6707404527902364,0.1893001009762167,0.2189919677944564,0.69900557427208,0.2189919677737425,1.7510589412848496,1.7510589414504778,0.0397153259897023,0.0,0.0,0.0,0.0,0.0,0.0,0.0,0.0,2.0,150.48470430767412,0.7571356958262377,0.9038803937471264,1,16
-1,1,57254.4029205271,1.6666666667006211,11.486397181305833,3.1792606153195377,0.1766317765241085,0.0,3.0649722290743,0.0,0.0009895817781337,0.0005937490668681,0.0397153259897023,0.0,0.0,0.0,0.0,0.0,0.0,0.0,0.0,1.0,288.62028722973884,0.7657085566609902,0.9037538999086648,1,16
-1,1,57262.7362538604,1.0,381.03062658540085,0.0002958776128916,-0.0005929834719647,-0.0005753011382953,0.0002921311425303,-0.0005753011382953,-1.5408931333408304,-1.5408931333408304,0.0397153259897023,0.0,0.0,0.0,0.0,0.0,0.0,0.0,0.0,0.0,300.0,0.7325668453287922,0.9036538984292768,1,16
-1,1,57289.7362538603,1.0,13.172844685960698,1.2077434929230226,0.7743056838956754,0.7753308657602761,1.208169807274432,0.7753308657602761,-0.0008090870350665,-0.0008090870350665,0.0397153259897023,0.0,0.0,0.0,0.0,0.0,0.0,0.0,0.0,0.0,300.0,0.7460534762630339,0.9035478597118122,1,16
-1,1,58174.5726065454,1.5,7.672954100420067,0.9742734849732764,0.0092032829822626,0.0,0.9704030408716552,0.0,-0.0066900902833442,-0.0044600601888961,0.0397153259897023,0.0,0.0,0.0,0.0,0.0,0.0,0.0,0.0,0.0,300.0,0.7568427810104271,0.9034405526606748,1,16
-1,1,58179.5726065454,5.0,96.57665394344822,4.001639181736696,3.0273656967634195,0.5909463721438748,3.925134901591029,2.9547318607193738,-1.497338322065021,-0.2994676644130042,0.0397153259897023,0.0,0.0,0.0,0.0,0.0,0.0,0.0,0.0,0.0,300.0,0.7654742248083418,0.9032405116811316,1,16
-1,1,58344.4662022943,0.5,912.6127980513108,2.1721103164722404,1.2363363618241423,2.418092746658459,2.152348411062313,1.2090463733292296,-0.9240514392652734,-1.8481028785305469,0.0397153259897023,0.0,0.0,0.0,0.0,0.0,0.0,0.0,0.0,1.0,163.02922400867763,0.7323793798466735,0.9031350814053404,1,16
-1,1,58345.2995356276,0.8333333332993789,588.9410907596908,1.7914263092232066,-0.3806840072490338,-0.4466006575507065,1.7801811964518883,-0.3721672146104247,0.9525433830150938,1.1430520596646867,0.0397153259897023,0.0,0.0,0.0,0.0,0.0,0.0,0.0,0.0,0.0,300.0,0.7059035038773388,0.9030276171290522,1,16
-1,1,58347.4662022943,2.166666666700621,557.6758038621798,1.928314587815724,0.1368882785925176,0.0420264126723866,1.871238423910153,0.0910572274582646,2.133723365453712,0.9847953994247416,0.0397153259897023,0.0,0.0,0.0,0.0,0.0,0.0,0.0,0.0,0.0,300.0,0.6847228031018711,0.9029067270543504,1,16
-1,1,58349.632868961,2.166666666700621,935.2531262835683,0.756759675899183,-1.1715549119165412,-0.5182144408565091,0.7484404687034542,-1.122797955206699,1.9984306109353087,0.922352589647996,0.0397153259897023,0.0,0.0,0.0,0.0,0.0,0.0,0.0,0.0,2.0,267.45513649043136,0.6677782424814969,0.9027985288245282,1,16
-1,1,58350.4662022943,0.8333333332993789,1077.215545568488,0.2755051535836667,-0.4812545223155163,-0.5682095670434061,0.2749324961865756,-0.4735079725168785,2.661474138050972,3.193768965791297,0.0397153259897023,0.0,0.0,0.0,0.0,0.0,0.0,0.0,0.0,0.0,300.0,0.6542225939851976,0.9026973808863882,1,16
-1,1,58354.2995356276,3.833333333299379,1023.6812071065468,2.2347734575826834,1.9592683039990169,0.5141964926505634,2.246019051329609,1.9710865551430337,-2.373233606166349,-0.619104419005401,0.0397153259897023,0.0,0.0,0.0,0.0,0.0,0.0,0.0,0.0,0.0,300.0,0.643378075188158,0.9025545477284516,1,16
-1,1,58354.9662022943,0.6666666667006211,1067.9165509449483,1.0691116110426624,-1.165661846540021,-1.75252656543978,1.0776680076435834,-1.168351043686026,2.227624233087248,3.3414363494606865,0.0397153259897023,0.0,0.0,0.0,0.0,0.0,0.0,0.0,0.0,0.0,300.0,0.6347024601505264,0.9024509840230812,1,16
-1,1,58361.1328689609,1.0,909.4246320117688,1.855723224612688,0.1358789744302997,0.1584475008765093,1.8588118261189404,0.1584475008765093,2.8767391637689066,2.8767391637689066,0.0397153259897023,0.0,0.0,0.0,0.0,0.0,0.0,0.0,0.0,0.0,300.0,0.6277619681204212,0.9023417054069582,1,16
-1,1,58361.4662022943,0.3333333334012422,1243.961341486424,1.49721245712269,-0.3585107674899976,-0.9400771653069672,1.5454527709527783,-0.313359055166162,-0.5945015647887675,-1.7835046940029546,0.0397153259897023,0.0,0.0,0.0,0.0,0.0,0.0,0.0,0.0,1.0,27.77364709122841,0.622209574496337,0.9022392100528625,1,16
-1,1,58362.2995356276,0.8333333332993789,852.522282642602,1.58208272382548,0.0848702667027898,-0.0377564462225897,1.5139890657685688,-0.0314637051842094,-0.9486307959008746,-1.1383569551274324,0.0397153259897023,0.0,0.0,0.0,0.0,0.0,0.0,0.0,0.0,0.0,300.0,0.6177676595970696,0.9021326180415136,1,16
-1,1,58363.1328689609,0.8333333332993789,723.2336629762456,1.9525248777388229,0.3704421539133429,0.6149573976858608,2.026453563819239,0.5124644980506701,0.0580569483207327,0.0696683379877179,0.0397153259897023,0.0,0.0,0.0,0.0,0.0,0.0,0.0,0.0,0.0,300.0,0.6142141276776557,0.90202448252119,1,16
-1,1,58494.6555568615,5.0,696.5337849449913,1.6380852660283387,1.1687385742051857,0.2275525419410401,1.6111550199021143,1.1377627097052008,-0.2093219825174204,-0.041864396503484,0.0397153259897023,0.0,0.0,0.0,0.0,0.0,0.0,0.0,0.0,0.0,300.0,0.6113713021421245,0.9018835303895392,1,16
-1,1,58497.6555568615,3.0,1442.177488841931,2.3409512090232623,0.7028659429949236,0.2406882451696718,2.33321975541113,0.7220647355090155,-1.913010313760318,-0.6376701045867726,0.0397153259897023,0.0,0.0,0.0,0.0,0.0,0.0,0.0,0.0,2.0,97.00716376768996,0.6090970417136996,0.9017484161214038,1,16
-1,1,58509.6555568615,2.0,0.2306393291706962,1.1697626684305624,-0.0189221490962656,0.0,1.1653334454318025,0.0,-0.0014613874030038,-0.0007306937015019,0.0397153259897023,0.0,0.0,0.0,0.0,0.0,0.0,0.0,0.0,0.0,300.0,0.6472776333709598,0.9016367184947196,1,16
-1,1,59663.4186005818,3.0,0.9730506812516676,2.332829376551632e-06,-5.017461107027565e-08,-1.4142135496879894e-15,2.3681847799423394e-06,-4.242640649063968e-15,-0.0003768733786122,-0.0001256244595374,0.0397153259897023,0.0,0.0,0.0,0.0,0.0,0.0,0.0,0.0,2.0,32.27851960771848,0.6778221066967679,0.901536718459727,1,16
-1,1,59785.3798200832,3.6666666666060337,8.923855562143931,1.9359764341899188,-0.0105555239665455,0.0,1.920313055699656,0.0,0.0025896354289454,0.0007062642079058,0.0397153259897023,0.0,0.0,0.0,0.0,0.0,0.0,0.0,0.0,4.0,136.07845446864718,0.7422576853574143,0.9014012255584342,1,16
-1,1,59790.3798200832,5.0,91.41351416407564,0.6423353286648693,-1.2936411055250496,-0.2507637802805087,0.6664941542971122,-1.2538189014025436,-1.0798762610578354,-0.215975252211567,0.0397153259897023,0.0,0.0,0.0,0.0,0.0,0.0,0.0,0.0,0.0,300.0,0.7538061482859315,0.9012851671752176,1,16
-1,1,59792.7131534165,2.333333333299379,9.050149144092556,0.6547776787327347,0.0124423500678654,0.0,0.6664941542971122,0.0,0.0065499074674399,0.0028071032003722,0.0397153259897023,0.0,0.0,0.0,0.0,0.0,0.0,0.0,0.0,0.0,300.0,0.7630449186287452,0.9011775281022992,1,16
-1,1,59797.3798200832,4.666666666700621,123.650807080145,2.6589941144019167,2.004216435669182,0.4143148576275162,2.599963489906256,1.933469335609144,0.0712521375892403,0.0152683151975832,0.0397153259897023,0.0,0.0,0.0,0.0,0.0,0.0,0.0,0.0,2.0,108.41138312598594,0.7704359349029962,0.901015484906296,1,16
-1,1,59799.7131534165,2.333333333299379,3.895977831633741,1.8625583431367103,-0.7964357712652064,-0.3118548017962477,1.8723022857256,-0.7276612041806558,0.1070212820742546,0.0458662637467765,0.0397153259897023,0.0,0.0,0.0,0.0,0.0,0.0,0.0,0.0,2.0,111.9719758956202,0.816348747922397,0.9008937550589596,1,16
-1,1,59806.0464867498,0.3333333332993788,5.735462963480887,0.573257150862554,0.3526803613751286,1.0582512628601422,0.56852353909752,0.3527504209174483,-0.0035975376156098,-0.010792612847929,0.0397153259897023,0.0,0.0,0.0,0.0,0.0,0.0,0.0,0.0,1.0,15.3875443867277,0.8130789983379176,0.9007927996303752,1,16
-1,1,59809.7131534164,3.6666666665987577,54.49063692247525,0.8327247199834177,0.2594675691208636,0.0697447076425812,0.8242541337822482,0.2557305946847282,0.0479749964057241,0.0130840899290761,0.0397153259897023,0.0,0.0,0.0,0.0,0.0,0.0,0.0,0.0,2.0,87.12719833593798,0.8104631986703342,0.900677533010509,1,16
-1,1,59813.8798200831,4.166666666700621,75.27952533270185,0.4165318719205846,-0.4161928480628331,-0.0974114601484767,0.4183730498269544,-0.4058810839552937,-0.0397001953658873,-0.0095280468877353,0.0397153259897023,0.0,0.0,0.0,0.0,0.0,0.0,0.0,0.0,0.0,300.0,0.8083705589362674,0.9005688552631772,1,16
-1,1,59825.7131534164,2.333333333299379,80.97224292301676,2.2433002022757456,-2.197703939280104,-0.9679807001053734,2.2410661818032307,-2.2586216335463374,-0.8062117444749597,-0.345519319065725,0.0397153259897023,0.0,0.0,0.0,0.0,0.0,0.0,0.0,0.0,0.0,300.0,0.806696447149014,0.9004426834274845,1,16
-1,1,59829.0464867497,3.333333333299379,88.34340419397083,1.0747009018922742,-1.1685993003834714,-0.3543616326913966,1.0598607395106074,-1.1812054422926233,2.817601498998533,0.8452804497081702,0.0397153259897023,0.0,0.0,0.0,0.0,0.0,0.0,0.0,0.0,1.0,219.78804124335625,0.8053571577192112,0.9003247717457863,1,16
-1,1,59831.379820083,2.333333333299379,18.799269459094848,1.0437553314804513,-0.0309455704118228,0.0,1.0598607395106074,0.0,-0.0048559741277873,-0.002081131769082,0.0397153259897023,0.0,0.0,0.0,0.0,0.0,0.0,0.0,0.0,1.0,201.70448431455875,0.8042857261753691,0.9002125946002526,1,16
-1,1,59832.5464867497,1.1666666667006211,3.465461232315564,1.0479815373738222,0.0042262058933708,0.0,1.0598607395106074,0.0,-0.0062041653092226,-0.0053178559791789,0.0397153259897023,0.0,0.0,0.0,0.0,0.0,0.0,0.0,0.0,1.0,75.34802665922842,0.8034285809402953,0.9001064813746177,1,16
-1,1,59865.3798200829,4.0,85.49172972633542,1.0183303165235502,-1.016575441448095,-0.2477704751151268,1.0266924790778618,-0.9910819004605071,2.05722657221947,0.5143066430548675,0.0397153259897023,0.0,0.0,0.0,0.0,0.0,0.0,0.0,0.0,1.0,257.45868330955943,0.8027428647522363,0.8999861147682873,1,16
-1,1,59866.7131534162,1.3333333333066548,10.161628428529555,1.0202373683731216,0.0019070518495714,0.0,1.0266924790778618,0.0,0.0048215702661131,0.0036161776996572,0.0397153259897023,0.0,0.0,0.0,0.0,0.0,0.0,0.0,0.0,1.0,263.6004774740694,0.8021942918017891,0.8998793131858316,1,16
-1,1,59868.7131534162,2.0,0.0754940288259468,1.0208212629605034,0.0005838945873817,0.0,1.0266924790778618,0.0,-0.0023697108078719,-0.0011848554039359,0.0397153259897023,0.0,0.0,0.0,0.0,0.0,0.0,0.0,0.0,1.0,263.6400459810526,0.8017554334414314,0.899769104973202,1,16
-1,1,59869.3798200829,0.6666666666933452,10.21493223127675,1.008895873514983,-0.0119253894455202,0.0,1.0266924790778618,0.0,0.0043463614240444,0.0065195421358057,0.0397153259897023,0.0,0.0,0.0,0.0,0.0,0.0,0.0,0.0,0.0,300.0,0.8014043467531452,0.8996657419869568,1,16
-1,1,59925.9875764322,3.0,0.413980770216323,0.57606086246497,-0.0060544580213465,0.0,0.5698920394540561,0.0,0.0166852200642355,0.0055617400214118,0.0397153259897023,0.0,0.0,0.0,0.0,0.0,0.0,0.0,0.0,1.0,75.16138897970448,0.8011234774025162,0.8995571010740199,1,16
-1,1,59960.3209097654,1.1666666666060337,31.05540922422794,0.0014458848758975,-1.2003583611993285,-0.9953003903615903,0.001431573610279,-1.1611837886948408,1.1819585905422336,1.0131073633745669,0.0397153259897023,0.0,0.0,0.0,0.0,0.0,0.0,0.0,0.0,1.0,29.22179877976185,0.800898781922013,0.8994570926396914,1,16
-1,1,59975.3209097654,4.333333333401242,10.559798439143748,2.060350674551108,0.0413722026580054,0.0,2.036927602224465,0.0,0.0029952472688878,0.000691210908194,0.0397153259897023,0.0,0.0,0.0,0.0,0.0,0.0,0.0,0.0,2.0,142.29098676080704,0.8407190255376105,0.8993124517084087,1,16
-1,1,60012.6542430985,1.6666666665987575,11.314875158664575,0.5906512537562836,-0.0302046377995574,0.0,0.6060128593353707,0.0,0.0006821218917587,0.0004092731350719,0.0397153259897023,0.0,0.0,0.0,0.0,0.0,0.0,0.0,0.0,0.0,300.0,0.8325752204300885,0.8992075296146276,1,16
-1,1,60015.9875764319,3.3333333334012423,11.5318593403155,0.5774519190607061,-0.0131993346955774,0.0,0.6060128593353707,0.0,-9.314084009526268e-05,-2.7942252028009547e-05,0.0397153259897023,0.0,0.0,0.0,0.0,0.0,0.0,0.0,0.0,0.0,300.0,0.8260601763440708,0.8990979054159763,1,16
-1,1,60036.9875764318,1.0,17.33082612913276,0.3309911839910406,-1.9651274498168896,-1.9945545212992253,0.3296119589401443,-1.9945545212992253,-0.6259074761260459,-0.6259074761260459,0.0397153259897023,0.0,0.0,0.0,0.0,0.0,0.0,0.0,0.0,1.0,187.682339020934,0.8208481410752567,0.8989962504600565,1,16
-1,1,60037.3209097651,0.3333333332993788,12.056094554218395,0.3201964621725269,-0.0107947218185137,0.0,0.3296119589401443,0.0,-0.0046371485748912,-0.0139114457260909,0.0397153259897023,0.0,0.0,0.0,0.0,0.0,0.0,0.0,0.0,1.0,194.32904943236,0.8166785128602054,0.8988957167992863,1,16
-1,1,60040.8209097651,3.5,26.401553051741388,2.2721525311770865,1.95195606900456,0.5551857209495117,2.272761982263435,1.9431500233232908,-0.991663302401606,-0.2833323721147445,0.0397153259897023,0.0,0.0,0.0,0.0,0.0,0.0,0.0,0.0,2.0,150.78675463970677,0.8133428102881645,0.8987559541299907,1,16
-1,1,60041.3209097651,0.5,22.92395646874744,2.2726559886304365,0.00050345745335,0.0,2.272761982263435,0.0,-0.0040250858923434,-0.0080501717846868,0.0397153259897023,0.0,0.0,0.0,0.0,0.0,0.0,0.0,0.0,2.0,130.53237389507106,0.8106742482305317,0.898650272490019,1,16
-1,1,60101.9660048135,0.6666666667006211,9.774513826104204,0.2795760874634709,-0.0013713100246324,0.0,0.2748761527347542,0.0,-0.0086824009216561,-0.0130236013818209,0.0397153259897023,0.0,0.0,0.0,0.0,0.0,0.0,0.0,0.0,1.0,256.4482940387296,0.8085393985844255,0.8985493405697275,1,16
-1,1,60102.2993381468,0.3333333332993788,9.884514613360714,0.2746227912131249,-0.004953296250346,0.0,0.2748761527347542,0.0,0.0226673023682661,0.0680019071117254,0.0397153259897023,0.0,0.0,0.0,0.0,0.0,0.0,0.0,0.0,1.0,248.4689444773961,0.8068315188675405,0.8984488828650755,1,16
-1,1,60122.4660048134,1.0,0.247106650522572,2.629417534266896,0.0622070528292577,0.0,2.599951030635953,0.0,-0.0050043308306557,-0.0050043308306557,0.0397153259897023,0.0,0.0,0.0,0.0,0.0,0.0,0.0,0.0,0.0,300.0,0.8054652150940325,0.8983357357774042,1,16
-1,1,60191.1326714798,1.3333333334012425,11.638009906399528,1.376832673857661,0.0434949522227512,0.0,1.3354949958288511,0.0,0.0186642523100064,0.0139981892317918,0.0397153259897023,0.0,0.0,0.0,0.0,0.0,0.0,0.0,0.0,0.0,300.0,0.804372172075226,0.8982265568929113,1,16
-1,1,60191.6326714798,0.5,12.485043762905503,1.2811284340535254,-0.0957042398041356,0.0,1.3354949958288511,0.0,-0.0217547572829688,-0.0435095145659376,0.0397153259897023,0.0,0.0,0.0,0.0,0.0,0.0,0.0,0.0,0.0,300.0,0.803497737660181,0.8981233540718261,1,16
-1,1,60277.6288598625,3.833333333306655,71.71595885786324,0.0938747999433675,-0.968812477643574,-0.2538530709200023,0.0913740997805126,-0.9731034385199032,1.644809438957533,0.4290807232092992,0.0397153259897023,0.0,0.0,0.0,0.0,0.0,0.0,0.0,0.0,1.0,37.35168189349249,0.8027981901281448,0.8980215548048273,1,16
-1,1,60280.1288598625,2.5,18.565376486379144,0.9404036216173834,0.8465288216740159,0.3218802242303115,0.8960746603562915,0.8047005605757789,-0.0208074263391102,-0.0083229705356441,0.0397153259897023,0.0,0.0,0.0,0.0,0.0,0.0,0.0,0.0,1.0,221.08610578759547,0.8022385521025159,0.897909799759557,1,16
-1,1,60286.6288598625,1.3333333334012425,42.05035828357104,0.1187998796577375,-1.0368480841278138,-0.7753618447921399,0.1159435179597272,-1.0338157931088403,-0.1201500318103163,-0.0901125238531476,0.0397153259897023,0.0,0.0,0.0,0.0,0.0,0.0,0.0,0.0,4.0,109.34168940589788,0.8017908416820129,0.8978090077603593,1,16
-1,1,60288.6288598625,2.0,22.69410089694769,3.142898745951823,3.0240988662940858,1.5452574679954874,3.206458453950702,3.0905149359909747,0.0185730684723148,0.0092865342361574,0.0397153259897023,0.0,0.0,0.0,0.0,0.0,0.0,0.0,0.0,3.0,119.97620424564582,0.8014326733456104,0.8976775787728998,1,16
-1,1,60290.9621931958,2.333333333299379,4.2773481625587335,2.8896688509957467,-0.2532298949560765,-0.1742462722984384,2.7998838185935955,-0.4065746353571065,-0.0458979963705301,-0.0196705698733705,0.0397153259897023,0.0,0.0,0.0,0.0,0.0,0.0,0.0,0.0,2.0,87.80170987888921,0.8411461386764885,0.8975438659696386,1,16
-1,1,60327.295526529,2.3333333334012423,63.57542408749519,0.3042973930587022,-0.4679757971061689,-0.2107564668437302,0.2995202605003866,-0.4917650893163496,0.185387395000359,0.0794517407121272,0.0397153259897023,0.0,0.0,0.0,0.0,0.0,0.0,0.0,0.0,1.0,185.49558357140552,0.8329169109411908,0.8974403158333862,1,16
-1,1,60328.6288598623,1.3333333332993789,318.4261603747426,2.570642134245856,2.2663447411871536,1.7615094553153787,2.648199534194414,2.348679273694027,2.2515472624955493,1.688660446914665,0.0397153259897023,0.0,0.0,0.0,0.0,0.0,0.0,0.0,0.0,2.0,253.4166969363732,0.7863335287529527,0.8973231782191583,1,16
-1,1,60329.6288598623,1.0,281.6599463100972,2.572597421014559,0.0019552867687031,-0.049064276124477,2.599135258069937,-0.049064276124477,-2.3082261868738336,-2.3082261868738336,0.0397153259897023,0.0,0.0,0.0,0.0,0.0,0.0,0.0,0.0,4.0,140.07681625082915,0.7490668230023622,0.8972103152320533,1,16
-1,1,60332.2955265289,2.6666666665987577,87.55384665163932,2.538326467781701,-0.0342709532328582,-0.0024271975264026,2.592662731333028,-0.0064725267369087,-0.4430491957851803,-0.1661434484236736,0.0397153259897023,0.0,0.0,0.0,0.0,0.0,0.0,0.0,0.0,4.0,149.23703373914134,0.7592534584018897,0.8970764708791503,1,16
-1,1,60333.9621931956,1.6666666667006211,15.337330942335962,2.227218946421868,-0.3111075213598324,-0.2603004429518748,2.158828659737732,-0.4338340715952964,-0.8315548311354539,-0.4989328986711077,0.0397153259897023,0.0,0.0,0.0,0.0,0.0,0.0,0.0,0.0,4.0,156.18679314849297,0.7674027667215119,0.8969579107212631,1,16
-1,1,60335.9621931956,2.0,11.201914173609822,2.057157146437281,-0.1700617999845866,-0.0596635627013897,2.0395015343349523,-0.1193271254027794,0.0735023859266155,0.0367511929633077,0.0397153259897023,0.0,0.0,0.0,0.0,0.0,0.0,0.0,0.0,5.0,87.13449910991712,0.7739222133772096,0.8968373391497987,1,16
-1,1,60336.2955265289,0.3333333332993788,1.399062989542033,2.491040445442153,0.4338832990048713,1.405437297943395,2.5079806336016963,0.468479099266744,0.0453149542243638,0.1359448626869392,0.0397153259897023,0.0,0.0,0.0,0.0,0.0,0.0,0.0,0.0,5.0,86.84757022545492,0.7791377707017677,0.8967331874157234,1,16
-1,1,60337.2955265289,1.0,11.7652303147463,2.331740817701633,-0.1592996277405194,-0.1341816465078533,2.373798987093843,-0.1341816465078533,-0.021118761938546,-0.021118761938546,0.0397153259897023,0.0,0.0,0.0,0.0,0.0,0.0,0.0,0.0,5.0,85.4916352293524,0.7833102165614142,0.8966215287116349,1,16
-1,1,60338.1288598623,0.8333333334012423,20.58211148532932,1.343763122905557,-0.9879776947960764,-1.2876667661259622,1.300743348568097,-1.073055638525746,-0.0325741526737433,-0.0390889832053065,0.0397153259897023,0.0,0.0,0.0,0.0,0.0,0.0,0.0,0.0,4.0,52.66962329710836,0.7866481732491314,0.8965159296986224,1,16
-1,1,60341.9621931956,3.833333333299379,47.06578506391492,4.19141220121117,2.847649078305613,0.7754810011265828,4.273420519527,2.972677170958903,-0.0092713255630809,-0.0024186066686512,0.0397153259897023,0.0,0.0,0.0,0.0,0.0,0.0,0.0,0.0,3.0,51.81346034927068,0.7893185385993052,0.8963355942980998,1,16
-1,1,60347.8000935599,0.1712336976997903,600.9153469083811,2.5921565222007787,1.1649722956941797,6.808232316144206,2.55316649132386,1.1657987942925805,-2.2770321237503004,-13.297803845493249,0.0397153259897023,0.0,0.0,0.0,0.0,0.0,0.0,0.0,0.0,2.0,37.433169397749886,0.7514548308794442,0.8962333749753684,1,16
-1,1,60352.4667602266,4.666666666700621,15.513815572159318,2.0654491045072896,-0.5267074176934892,-0.1203493938055838,1.991535986893716,-0.5616305044301442,0.2265336240760169,0.0485429194445075,0.0397153259897023,0.0,0.0,0.0,0.0,0.0,0.0,0.0,0.0,4.0,38.13987595549616,0.7611638647035555,0.8960851811629295,1,16
-1,1,60368.4667602265,2.333333333306655,13.221999086378306,3.282278899343534,2.434136688635016,1.0460713689122578,3.2716024977634808,2.440833194100694,-0.0005944682534266,-0.0002547721086143,0.0397153259897023,0.0,0.0,0.0,0.0,0.0,0.0,0.0,0.0,3.0,166.22652812359956,0.7689310917628445,0.8959468879091043,1,16
-1,1,60369.8000935598,1.3333333332993789,24.790114173155764,1.604600553446397,-1.6776783458971372,-1.2632360047105204,1.5872878248590128,-1.684314672904468,-0.0044525560543635,-0.0033394170408577,0.0397153259897023,0.0,0.0,0.0,0.0,0.0,0.0,0.0,0.0,5.0,159.69050513201583,0.7751448734102756,0.8958361905720815,1,16
-1,1,60372.4667602265,2.666666666700621,241.69012309073216,0.3323824827215899,-1.272218070724807,-0.475491297860411,0.3193110305484384,-1.2679767943105744,0.2994268933917761,0.1122850850204863,0.0397153259897023,0.0,0.0,0.0,0.0,0.0,0.0,0.0,0.0,3.0,189.4192427470317,0.7401158987282205,0.8957317588056452,1,16
-1,1,60374.4667602265,2.0,30.716514809386343,0.558476184298956,0.226093701577366,0.1192663249151495,0.5578436803787375,0.2385326498302991,-2.67806338851706e-05,-1.33903169425853e-05,0.0397153259897023,0.0,0.0,0.0,0.0,0.0,0.0,0.0,0.0,1.0,63.80477873701673,0.7520927189825765,0.8956261740438022,1,16
-1,1,60377.3000935598,2.833333333299379,49.72127334574414,3.7940408198542377,3.235564635555282,1.080865672793066,3.6202964199223913,3.062452739543654,-0.151489738112343,-0.0534669663932323,0.0397153259897023,0.0,0.0,0.0,0.0,0.0,0.0,0.0,0.0,3.0,225.68344398981503,0.7616741751860613,0.8954724251321882,1,16
-1,1,60377.4667602265,0.1666666667006211,10.522148258047933,3.5549344505391764,-0.2391063693150612,0.0,3.6202964199223913,0.0,-0.0058811356824373,-0.0352868140874349,0.0397153259897023,0.0,0.0,0.0,0.0,0.0,0.0,0.0,0.0,3.0,230.28407836920223,0.729339340148849,0.8953694626868122,1,16
-1,1,60382.1334268931,4.666666666598758,40.37940782400848,1.994324632280042,-1.5606098182591344,-0.3604824946315956,1.938044778332758,-1.6822516415896331,-0.0107648772653399,-0.0023067594140349,0.0397153259897023,0.0,0.0,0.0,0.0,0.0,0.0,0.0,0.0,0.0,300.0,0.7434714721190793,0.895222928445393,1,16
-1,1,60439.1334268929,1.0,12.24884269178475,0.2608967310045545,-0.6229222898024251,-0.6534437226565424,0.261961728919642,-0.6534437226565424,0.0150652245057272,0.0150652245057272,0.0397153259897023,0.0,0.0,0.0,0.0,0.0,0.0,0.0,0.0,1.0,216.56667238984937,0.7547771776952634,0.895121623961738,1,16
-1,1,60818.8497423874,0.5,18.7640030750694,2.102609932711903,0.0156615541775551,0.0,2.1143192462677485,0.0,-0.014718807151099,-0.0294376143021981,0.0397153259897023,0.0,0.0,0.0,0.0,0.0,0.0,0.0,0.0,0.0,300.0,0.7638217421562108,0.8950163674369062,1,16
-1,1,60821.016409054,2.1666666665987577,25.70050500245912,0.8755492532153045,-1.2270606794965984,-0.5730659567812834,0.8726763399472175,-1.241642906320531,-0.6267889162898124,-0.2892871921428265,0.0397153259897023,0.0,0.0,0.0,0.0,0.0,0.0,0.0,0.0,1.0,36.68469049076306,0.7710573937249687,0.8949068823199967,1,16
-1,1,60823.6830757207,2.666666666700621,62.84795172663195,0.3875897206468029,-0.4879595325685016,-0.1815450560016508,0.3885561906033177,-0.4841201493438997,0.0196826928368647,0.0073810098137302,0.0397153259897023,0.0,0.0,0.0,0.0,0.0,0.0,0.0,0.0,1.0,30.633802059418887,0.776845914979975,0.8948017144570547,1,16
-1,1,60825.6830757207,2.0,53.37389046646173,0.2987857745172353,-0.0888039461295676,-0.0448945791972451,0.2987670322088275,-0.0897891583944902,0.0226223765339383,0.0113111882669691,0.0397153259897023,0.0,0.0,0.0,0.0,0.0,0.0,0.0,0.0,1.0,40.18933589240147,0.78147673198398,0.8946987265993094,1,16
-1,1,60826.3497423873,0.6666666665987577,34.75148209078629,0.7633864105625264,0.4646006360452911,0.6942529665227335,0.7616023431768372,0.4628353109680096,0.003177291701724,0.0047659375530716,0.0397153259897023,0.0,0.0,0.0,0.0,0.0,0.0,0.0,0.0,1.0,70.18245451185874,0.7851813855871841,0.8945961819779411,1,16
-1,1,60827.3497423873,1.0,0.8419298353378961,0.3477007187557025,-0.4156856918068239,-0.4128646087107605,0.3487377344660766,-0.4128646087107605,-0.0089958075998044,-0.0089958075998044,0.0397153259897023,0.0,0.0,0.0,0.0,0.0,0.0,0.0,0.0,1.0,70.423442025674,0.7881451084697474,0.8944944434743474,1,16
-1,1,60827.6830757207,0.3333333334012422,8.659797512222264,0.3498701622108884,0.0021694434551858,0.0,0.3487377344660766,0.0,-0.0066793682259684,-0.0200381046738231,0.0397153259897023,0.0,0.0,0.0,0.0,0.0,0.0,0.0,0.0,1.0,64.05175464295402,0.790516086775798,0.8943938603574102,1,16
-1,1,60831.516409054,3.833333333299379,124.4610961562166,0.0435381479285756,-0.3063320142823127,-0.079613593708974,0.0435522919177128,-0.3051854425483638,0.0179034588900801,0.004670467536584,0.0397153259897023,0.0,0.0,0.0,0.0,0.0,0.0,0.0,0.0,2.0,176.36556311436982,0.7924128694206385,0.8942930258762416,1,16
-1,1,60832.016409054,0.5,35.731037464745874,0.2387505988255294,0.1952124508969538,0.391293533110145,0.2391990584727853,0.1956467665550725,0.0454773514747444,0.0909547029494888,0.0397153259897023,0.0,0.0,0.0,0.0,0.0,0.0,0.0,0.0,2.0,204.9227715373185,0.7539302955365108,0.8941924289997445,1,16
-1,1,60832.3497423873,0.3333333332993788,9.957450089539954,0.2381124104040858,-0.0006381884214435,0.0,0.2391990584727853,0.0,-0.0154855378345972,-0.046456613508524,0.0397153259897023,0.0,0.0,0.0,0.0,0.0,0.0,0.0,0.0,2.0,195.2092153611079,0.7631442364292087,0.8940920321457273,1,16
-1,1,60836.016409054,3.666666666700621,63.78414789179025,4.48554808742762,4.247435677023534,1.161961492161912,4.499724529772583,4.260525471299798,0.0725841657121417,0.0197956815576735,0.0397153259897023,0.0,0.0,0.0,0.0,0.0,0.0,0.0,0.0,1.0,256.7268377925157,0.770515389143367,0.893909797097457,1,16
-1,1,60836.3497423873,0.3333333332993788,9.894378774196792,4.509346515226506,0.0237984277988854,0.0,4.499724529772583,0.0,-0.0143573006953769,-0.0430719020905184,0.0397153259897023,0.0,0.0,0.0,0.0,0.0,0.0,0.0,0.0,1.0,247.46815434253065,0.7764123113146937,0.8938022815199324,1,16
-1,1,60836.516409054,0.1666666667006211,4.316622308741625,4.487300510567166,-0.02204600465934,0.0,4.499724529772583,0.0,0.0076192630406044,0.0457155782343132,0.0397153259897023,0.0,0.0,0.0,0.0,0.0,0.0,0.0,0.0,1.0,246.0717909022565,0.781129849051755,0.8936985421028395,1,16
-1,1,61104.6051650215,4.0,412.06756428238174,0.4412527315074346,-1.301633826758084,-0.3280255761750248,0.444143059671211,-1.3121023047000997,0.2577557158885364,0.0644389289721341,0.0397153259897023,0.0,0.0,0.0,0.0,0.0,0.0,0.0,0.0,4.0,248.88934028141688,0.744903879241404,0.8935897170482093,1,16
-1,1,61113.6051650215,1.1666666667006211,251.5597639914968,0.9112956411550855,-0.4872346932028449,-0.4287948284285431,0.896695561390418,-0.5002606331811932,-0.0529785475453392,-0.0454101836089691,0.0397153259897023,0.0,0.0,0.0,0.0,0.0,0.0,0.0,0.0,0.0,300.0,0.7159231033931233,0.893484401156969,1,16
-1,1,61118.4384983548,4.833333333299379,498.78470318486654,1.7759677824671023,0.864672141312017,0.1842053285293907,1.7870213159428854,0.8903257545524674,2.8043948425661203,0.580219622603963,0.0397153259897023,0.0,0.0,0.0,0.0,0.0,0.0,0.0,0.0,1.0,197.6679690869384,0.6927384827144987,0.8933414819355597,1,16
-1,1,61120.1051650214,1.6666666665987575,618.0813033429754,1.8153989405338529,0.0394311580667503,-0.0144416029802302,1.7629519776434823,-0.024069338299403,-0.5825856925535544,-0.3495514155463752,0.0397153259897023,0.0,0.0,0.0,0.0,0.0,0.0,0.0,0.0,0.0,300.0,0.674190786171599,0.893226353611056,1,16
-1,1,61441.7060967206,1.0,12.018202949374183,2.662060882272576,0.4610652699359203,0.4233863101768893,2.6726751819286125,0.4233863101768893,-0.8334869688437077,-0.8334869688437077,0.0397153259897023,0.0,0.0,0.0,0.0,0.0,0.0,0.0,0.0,1.0,38.409572240015954,0.6993526289372792,0.8931130433066445,1,16
-1,1,61445.7060967206,4.0,50.20101750256494,0.3566682999723631,-2.3053925823002133,-0.5786288372215742,0.3581598330423158,-2.314515348886297,-0.1177026971141099,-0.0294256742785274,0.0397153259897023,0.0,0.0,0.0,0.0,0.0,0.0,0.0,0.0,0.0,300.0,0.7194821031498234,0.8930059099406451,1,16
-1,1,61448.7060967206,3.0,13.518292011776497,0.0105882450993655,-0.3460800548729976,-0.1158514879244085,0.0106053692690901,-0.3475544637732257,0.2880417050848773,0.0960139016949591,0.0397153259897023,0.0,0.0,0.0,0.0,0.0,0.0,0.0,0.0,2.0,73.81396628720887,0.7355856825198588,0.8929057511169687,1,16
-1,1,61488.2060967206,2.0,0.5446217088791133,0.1074059831132068,0.0009813712116418,0.0,0.1071835787218176,0.0,0.0004568759546601,0.00022843797733,0.0397153259897023,0.0,0.0,0.0,0.0,0.0,0.0,0.0,0.0,1.0,86.30062416202317,0.7484685460158871,0.8928046770571375,1,16
-1,1,61873.4719566552,4.999999999898137,63.8811168439916,0.0251215601812936,-0.9670651250235036,-0.1919476004942058,0.0249477617411679,-0.9597380024514768,-0.0077294261222249,-0.0015458852244764,0.0397153259897023,0.0,0.0,0.0,0.0,0.0,0.0,0.0,0.0,2.0,19.62916264667813,0.7587748368127097,0.892704049018133,1,16
-1,1,61877.4719566552,4.0,50.5887514723689,0.6366543921185138,0.6115328319372202,0.1533804975643559,0.6384697519985919,0.6135219902574239,0.0003387215994745,8.468039986864184e-05,0.0397153259897023,0.0,0.0,0.0,0.0,0.0,0.0,0.0,0.0,4.0,137.99967524348676,0.7670198694501679,0.8925913159302906,1,16
-1,1,61878.4719566552,1.0,13.19797753323712,1.2987581730094475,0.6621037808909337,0.6602505229465342,1.298720274945126,0.6602505229465342,0.0119361898706467,0.0119361898706467,0.0397153259897023,0.0,0.0,0.0,0.0,0.0,0.0,0.0,0.0,5.0,135.25636515374606,0.7736158955601343,0.8924848221394255,1,16
-1,1,61879.1386233219,0.6666666667006211,21.620748935230186,0.7001668216703816,-0.5985913513390659,-0.8985262498643592,0.6997027750050443,-0.5990174999400818,-0.0257778173643954,-0.0386667260446237,0.0397153259897023,0.0,0.0,0.0,0.0,0.0,0.0,0.0,0.0,5.0,132.3873685704091,0.7788927164481075,0.8923824882500199,1,16
-1,1,61879.4719566552,0.3333333332993788,8.7529737402669,0.7019121974242495,0.0017453757538679,0.0,0.6997027750050443,0.0,-0.0060873868573505,-0.0182621605739119,0.0397153259897023,0.0,0.0,0.0,0.0,0.0,0.0,0.0,0.0,5.0,129.68430037793252,0.7831141731584861,0.8922813183963576,1,16
-1,1,61894.4719566552,4.0,0.7343539938925526,4.1091688919979694e-05,-2.906289299420604e-07,0.0,4.217297918421848e-05,0.0,0.0069267029582502,0.0017316757395625,0.0397153259897023,0.0,0.0,0.0,0.0,0.0,0.0,0.0,0.0,2.0,46.3880887242314,0.786491338526789,0.8921813175745238,1,16
-1,1,61940.2019962172,3.9999999998981366,52.28470508128273,0.3873682262645493,-0.1242100404424176,-0.0272168737358886,0.3868785335679458,-0.1088674949407821,0.0241986335982673,0.0060496583997208,0.0397153259897023,0.0,0.0,0.0,0.0,0.0,0.0,0.0,0.0,2.0,84.93671946609498,0.7891930708214313,0.8920735702099988,1,16
-1,1,62070.6549906151,1.0,3.8218545103637394,2.5682527386684626,-0.3520699454693878,-0.2904174711005649,2.599491617529523,-0.2904174711005649,-0.0017194490587066,-0.0017194490587066,0.0397153259897023,0.0,0.0,0.0,0.0,0.0,0.0,0.0,0.0,3.0,99.77266884184148,0.8313544566571451,0.8919607289463054,1,16
-1,1,62311.946137632,2.5,10.811125442350315,1.924937274675064,0.2760257171672262,0.0855524538749396,1.9322144644731387,0.213881134687349,1.2290282385041618,0.4916112954016647,0.0397153259897023,0.0,0.0,0.0,0.0,0.0,0.0,0.0,0.0,3.0,92.97122766069732,0.8250835653257161,0.891836667230372,1,16
-1,1,62429.0931761065,3.666666666700621,62.223691075821336,1.0995445789314606,-0.3159877249567373,-0.0803577280944661,1.0944886349510423,-0.294645003015771,-1.5847063896678255,-0.4321926517235865,0.0397153259897023,0.0,0.0,0.0,0.0,0.0,0.0,0.0,0.0,1.0,208.87898944577057,0.820066852260573,0.8917165089130914,1,16
-1,1,62440.0931761064,3.6666666665987577,55.1514100207097,0.4093057765433373,0.1174242936986439,0.0376907473539943,0.41603684294797,0.1381994069620865,0.1475641513535572,0.0402447685517155,0.0397153259897023,0.0,0.0,0.0,0.0,0.0,0.0,0.0,0.0,4.0,129.29885927484202,0.8160534818084585,0.8916090049738549,1,16
-1,1,62445.0931761064,5.0,73.13095791202164,0.6769263568024015,0.2676205802590642,0.0560130157326867,0.6961019216114039,0.2800650786634339,0.1579349575304109,0.0315869915060822,0.0397153259897023,0.0,0.0,0.0,0.0,0.0,0.0,0.0,0.0,1.0,47.98495837280503,0.8128427854467669,0.8914920818149349,1,16
-1,1,62445.946137632,0.8529615256047691,950.175089808579,0.4544950452946631,-0.2224313115077383,-0.2729945627771393,0.4632480628632083,-0.2328538587481956,0.7552377398740431,0.8854300190604287,0.0397153259897023,0.0,0.0,0.0,0.0,0.0,0.0,0.0,0.0,0.0,300.0,0.7702742283574135,0.8913901434809988,1,16
-1,1,62448.5931761064,2.647038474395231,870.705006482862,0.2804381975613839,-0.1740568477332792,-0.0685716984042831,0.2817361389324448,-0.1815119239307634,-0.5967463614360735,-0.2254392473733923,0.0397153259897023,0.0,0.0,0.0,0.0,0.0,0.0,0.0,0.0,1.0,37.92481869593218,0.7362193826859309,0.8912864318275056,1,16
-1,1,62449.0931761064,0.5,23.201481444554847,0.2962999846607475,0.0158617870993635,0.0,0.2817361389324448,0.0,0.0204101772866862,0.0408203545733725,0.0397153259897023,0.0,0.0,0.0,0.0,0.0,0.0,0.0,0.0,2.0,154.7536672150733,0.7489755061487448,0.8911856910775439,1,16
-1,1,62451.446137632,2.352961525604769,822.0811876464534,2.1263534077937787,1.8300534231330312,0.7745960284335597,2.1043307917228686,1.822594652790424,2.895212913264089,1.230454846693657,0.0397153259897023,0.0,0.0,0.0,0.0,0.0,0.0,0.0,0.0,1.0,12.287213543789232,0.7191804049189958,0.8910606749387521,1,16
-1,1,62455.0931761064,3.647038474395231,748.864371718075,0.3621238123178533,-1.7642295954759253,-0.4779414205718894,0.3612600423900757,-1.743070749332793,1.933662344644981,0.5302006979692283,0.0397153259897023,0.0,0.0,0.0,0.0,0.0,0.0,0.0,0.0,0.0,300.0,0.6953443239351966,0.890954071541372,1,16
-1,1,62470.0931761063,0.6666666665987577,9.044127356671911,2.2249629607136305,0.0711706340471218,0.0,2.162321646626634,0.0,-0.0028862096685693,-0.004329314503295,0.0397153259897023,0.0,0.0,0.0,0.0,0.0,0.0,0.0,0.0,0.0,300.0,0.7162754591481574,0.8908466549981703,1,16
-1,1,62473.0931761063,3.0,0.3810360625791087,2.14532050395371,-0.0796424567599203,0.0,2.162321646626634,0.0,-0.0012057372032323,-0.0004019124010774,0.0397153259897023,0.0,0.0,0.0,0.0,0.0,0.0,0.0,0.0,0.0,300.0,0.7330203673185259,0.8907144751906111,1,16
-1,1,62498.2598427729,1.0,8.528548143382965,2.429591168574833,0.8121839452551425,0.7275253430443396,2.384352916762978,0.7275253430443396,-0.4881178626428326,-0.4881178626428326,0.0397153259897023,0.0,0.0,0.0,0.0,0.0,0.0,0.0,0.0,2.0,105.70378355700836,0.7464162938548208,0.8906023272347682,1,16
-1,1,62741.0303148732,3.0,0.1524150803119581,0.109858484533574,0.0007243050347057,0.0,0.1104367046322534,0.0,-0.0117537274620223,-0.0039179091540074,0.0397153259897023,0.0,0.0,0.0,0.0,0.0,0.0,0.0,0.0,4.0,116.43267054566772,0.7971330350838566,0.8905006793575002,1,16
-1,1,63517.6381985575,4.0,238.89469676414967,0.7010776110587421,-0.2481246403415302,-0.0575019942014,0.7115755760793342,-0.2300079768056003,2.1940998175108035,0.5485249543777009,0.0397153259897023,0.0,0.0,0.0,0.0,0.0,0.0,0.0,0.0,1.0,191.0827870284813,0.7977064280670854,0.890386657805279,1,16
-1,1,63548.1381985575,2.096383112395415,423.1443842317761,2.738658244961125,1.899461524572312,0.8787808169716426,2.6536413896869404,1.8422612641963976,1.762256035399437,0.8406173590025773,0.0397153259897023,0.0,0.0,0.0,0.0,0.0,0.0,0.0,0.0,0.0,300.0,0.7581651424536683,0.8902579514208021,1,16
-1,1,63553.0418154451,4.903616887604585,397.71966221540754,3.5987560050576164,0.8600977600964912,0.1997700596599607,3.633237227873299,0.9795958381863588,-0.1434918026987217,-0.0292624415788765,0.0397153259897023,0.0,0.0,0.0,0.0,0.0,0.0,0.0,0.0,3.0,77.0549288186266,0.7265321139629347,0.8900697168171983,1,16
-1,1,63553.292284725,0.2504692798975156,190.765175959664,0.6014651104126548,-2.9972908946449617,-12.112466427441497,0.5994364840091938,-3.0338007438641053,2.439769050732748,9.740791572248009,0.0397153259897023,0.0,0.0,0.0,0.0,0.0,0.0,0.0,0.0,4.0,186.42901507375672,0.6612256911703478,0.8899689635745328,1,16
-1,1,63556.5418154451,3.2495307201024843,287.0588356202977,0.2086754165037593,-0.3927896939088955,-0.1196411860011891,0.2106587747088343,-0.3887777093003595,2.341273811540658,0.720495977175073,0.0397153259897023,0.0,0.0,0.0,0.0,0.0,0.0,0.0,0.0,1.0,159.62477129843322,0.6489805529362782,0.8898655730886506,1,16
-1,1,63759.3621571326,2.5,1266.6866549376134,1.328583319928243,0.0151999127432012,-0.0096583666354834,1.310787920547118,-0.0241459165887085,1.331050920937458,0.5324203683749833,0.0397153259897023,0.0,0.0,0.0,0.0,0.0,0.0,0.0,0.0,0.0,300.0,0.6391844423490226,0.8897489657971515,1,16
-1,1,63764.0288237993,4.666666666700621,1002.527225415862,2.2444337952645097,0.9158504753362666,0.1828176044846736,2.1639367414818027,0.8531488209346847,-2.119647079057402,-0.4542100883661384,0.0397153259897023,0.0,0.0,0.0,0.0,0.0,0.0,0.0,0.0,0.0,300.0,0.6313475538792181,0.8895965956752616,1,16
-1,1,63764.6954904659,0.6666666665987577,1059.745494389438,1.02941584101049,-1.2150179542540198,-1.7051482375045346,1.0271712499279078,-1.136765491553895,-1.930746260862776,-2.8961193915891723,0.0397153259897023,0.0,0.0,0.0,0.0,0.0,0.0,0.0,0.0,0.0,300.0,0.6250780431033746,0.8894931642891253,1,16
-1,1,63769.0288237992,4.333333333299379,388.97452430671865,1.7313154471750725,0.7018996061645826,0.1696818146014676,1.7624591131951728,0.735287863267265,-0.3777572116568111,-0.0871747411522548,0.0397153259897023,0.0,0.0,0.0,0.0,0.0,0.0,0.0,0.0,0.0,300.0,0.6200624344826997,0.8893556524544368,1,16
-1,1,63770.6954904659,1.6666666667006211,933.2198638256316,2.4023741496867066,0.6710587025116341,0.3708679975140933,2.380572442397921,0.6181133292027481,-1.4318088581998325,-0.8590853149023976,0.0397153259897023,0.0,0.0,0.0,0.0,0.0,0.0,0.0,0.0,0.0,300.0,0.6160499475861598,0.8892356326698556,1,16
-1,1,63771.1954904659,0.5,1158.8142922626546,1.7921012913715837,-0.6102728583151229,-1.3495565200077555,1.705794182394043,-0.6747782600038779,-1.0965882312076172,-2.1931764624152343,0.0397153259897023,0.0,0.0,0.0,0.0,0.0,0.0,0.0,0.0,0.0,300.0,0.6128399580689279,0.8891311524166272,1,16
-1,1,63773.6954904659,2.5,1310.8922857382872,0.8185250314664344,-0.9735762599051492,-0.3535863793170068,0.821828234101526,-0.8839659482925171,2.040022036603037,0.816008814641215,0.0397153259897023,0.0,0.0,0.0,0.0,0.0,0.0,0.0,0.0,3.0,119.23690349817576,0.6102719664551424,0.889020920853734,1,16
-1,1,63774.1954904659,0.5,466.8778591390618,1.0326381798097903,0.2141131483433559,0.4517087682918781,1.047682618247465,0.225854384145939,0.9099084188717672,1.8198168377435344,0.0397153259897023,0.0,0.0,0.0,0.0,0.0,0.0,0.0,0.0,2.0,140.71350369301996,0.608217573164114,0.8889183392582843,1,16
-1,1,63776.3621571325,2.1666666665987577,760.7796312720319,0.3842605394001738,-0.6483776404096164,-0.3060564174392003,0.384560380483315,-0.66312223776415,-0.1490698588108783,-0.0688014732994848,0.0397153259897023,0.0,0.0,0.0,0.0,0.0,0.0,0.0,0.0,1.0,295.0719798489455,0.6065740585312912,0.8888141764357743,1,16
-1,1,63777.5288237992,1.1666666667006211,852.657601777774,2.3945871530507734,2.0103266136506,1.7288273046921905,2.401525569349572,2.0169651888662568,2.4313170957476977,2.083986082008803,0.0397153259897023,0.0,0.0,0.0,0.0,0.0,0.0,0.0,0.0,0.0,300.0,0.605259246825033,0.8887002080107144,1,16
-1,1,63780.5288237992,3.0,892.811693510817,1.632451586072888,-0.7621355669778853,-0.2561779856927697,1.6329916122712629,-0.7685339570783092,-1.2458904382224651,-0.4152968127408217,0.0397153259897023,0.0,0.0,0.0,0.0,0.0,0.0,0.0,0.0,2.0,174.30782056508696,0.6042073974600264,0.8885757212369233,1,16
-1,1,63789.6954904658,1.6666666665987575,1283.23987587796,0.6226346413565457,0.1014869478439572,0.0587346860144762,0.6225278996664345,0.0978911433534718,-1.415861925268996,-0.8495171551960116,0.0397153259897023,0.0,0.0,0.0,0.0,0.0,0.0,0.0,0.0,0.0,300.0,0.6033659179680211,0.8884705326149123,1,16
-1,1,63792.3621571325,2.666666666700621,1580.4216847305106,2.520717735654925,1.898083094298379,0.7382203921734697,2.5911156121540864,1.968587712487652,-0.0059616912810112,-0.0022356342303507,0.0397153259897023,0.0,0.0,0.0,0.0,0.0,0.0,0.0,0.0,1.0,133.46711108016373,0.6026927343744168,0.8883369230451031,1,16
-1,1,63796.0288237991,3.6666666665987577,955.116410932381,2.1075900258833347,-0.4131277097715902,-0.1150371563342941,2.16931270560282,-0.4218029065512665,-1.7953376227285045,-0.4896375334804786,0.0397153259897023,0.0,0.0,0.0,0.0,0.0,0.0,0.0,0.0,0.0,300.0,0.6021541874995335,0.8881982838946293,1,16
-1,1,63798.8621571325,2.8333333334012423,470.10372308827647,1.979863856095996,-0.127726169787339,-0.0648050194209584,1.985698483905704,-0.1836142216971164,-2.7437813739731345,-0.9683934260849548,0.0397153259897023,0.0,0.0,0.0,0.0,0.0,0.0,0.0,0.0,0.0,300.0,0.6017233499996268,0.8880702358233339,1,16
-1,1,63800.0288237991,1.1666666665987575,1473.034159988214,1.1758961007889497,-0.8039677553070459,-0.7008201522088335,1.1680749730429896,-0.8176235108627139,1.5431599527594022,1.3227085310136222,0.0397153259897023,0.0,0.0,0.0,0.0,0.0,0.0,0.0,0.0,1.0,266.0227044388254,0.6013786799997015,0.887963376429413,1,16
-1,1,63800.3621571325,0.3333333334012422,1257.8794483996585,1.336524607136673,0.1606285063477233,0.5350376595324688,1.3464208595901463,0.1783458865471567,-1.6338942281783957,-4.901682683536583,0.0397153259897023,0.0,0.0,0.0,0.0,0.0,0.0,0.0,0.0,2.0,227.08849994668927,0.6011029439997613,0.8878611488884006,1,16
-1,1,63801.5288237991,1.1666666665987575,616.8615834155685,1.516120110796028,0.179595503659355,0.1313311888775589,1.4996405799383798,0.1532197203482335,3.056449483724734,2.6198138433451224,0.0397153259897023,0.0,0.0,0.0,0.0,0.0,0.0,0.0,0.0,0.0,300.0,0.600882355199809,0.8877523048544215,1,16
-1,1,63803.6954904658,2.166666666700621,584.4395650633859,1.701632474740188,0.18551236394416,0.0835720379829678,1.6807133289043146,0.1810727489659347,0.1014750640014865,0.046834644923029,0.0397153259897023,0.0,0.0,0.0,0.0,0.0,0.0,0.0,0.0,0.0,300.0,0.6007058841598473,0.8876338705026116,1,16
-1,1,63811.0288237991,1.6666666667006211,938.4695581442232,1.4214086966771966,-1.097835873551433,-0.6559532459949825,1.4114600588102673,-1.09325541001391,2.3983795986530847,1.439027759162534,0.0397153259897023,0.0,0.0,0.0,0.0,0.0,0.0,0.0,0.0,0.0,300.0,0.6005647073278778,0.887522025430139,1,16
-1,1,63812.5288237991,1.5,1602.5902085100602,1.860487036596398,0.4390783399192013,0.2809073846468841,1.8328211357805928,0.4213610769703262,-1.7865248885548208,-1.1910165923698806,0.0397153259897023,0.0,0.0,0.0,0.0,0.0,0.0,0.0,0.0,0.0,300.0,0.6004517658623023,0.8874080717773646,1,16
-1,1,63813.1954904657,0.6666666666060337,880.8788488013882,1.296166858050354,-0.5643201785460439,-0.8094895316608608,1.293161448055768,-0.5396596877248254,1.067968352490471,1.6019525288814034,0.0397153259897023,0.0,0.0,0.0,0.0,0.0,0.0,0.0,0.0,3.0,196.84762987136023,0.6003614126898419,0.8873037512211714,1,16
-1,1,63813.5288237991,0.3333333333939663,7.695310043491935,1.2883917558541735,-0.0077751021961804,0.0,1.293161448055768,0.0,0.0010550224359855,0.0031650673073809,0.0397153259897023,0.0,0.0,0.0,0.0,0.0,0.0,0.0,0.0,2.0,198.86196138976467,0.6402891301518736,0.887201603901578,1,16
-1,1,63825.028823799,5.0,444.5653827359428,1.3920246073374314,-0.8298968748883653,-0.18190363358225,1.36587817503709,-0.90951816791125,2.302828219575395,0.460565643915079,0.0397153259897023,0.0,0.0,0.0,0.0,0.0,0.0,0.0,0.0,5.0,206.5724252969094,0.6322313041214989,0.8870668032863945,1,16
-1,1,63825.1954904657,0.1666666667006211,1401.3570478658792,1.6578192075085756,0.2657946001711442,2.2680054692315013,1.7438790866526823,0.3780009116155924,-1.9129881498737609,-11.477928896904205,0.0397153259897023,0.0,0.0,0.0,0.0,0.0,0.0,0.0,0.0,0.0,300.0,0.6257850432971991,0.8869654217703881,1,16
-1,1,63828.1954904657,3.0,994.547528679932,2.196262695070039,0.5384434875614632,0.1356183722534664,2.150734203413082,0.4068551167603993,1.7145239655672455,0.5715079885224151,0.0397153259897023,0.0,0.0,0.0,0.0,0.0,0.0,0.0,0.0,3.0,143.5802547322512,0.6206280346377593,0.886832477829962,1,16
-1,1,63829.6954904657,1.5,753.2972645257786,2.5657185443004096,0.3694558492303708,0.2913298051145926,2.587728911084971,0.4369947076718889,2.605386255093729,1.7369241700624862,0.0397153259897023,0.0,0.0,0.0,0.0,0.0,0.0,0.0,0.0,1.0,146.59537475578026,0.6165024277102075,0.8867132349408797,1,16
-1,1,63831.1954904657,1.5,665.3705004313091,2.563606331909209,-0.0021122123912,-0.0447730178627579,2.520569384290834,-0.0671595267941369,2.575607192692249,1.717071461794833,0.0397153259897023,0.0,0.0,0.0,0.0,0.0,0.0,0.0,0.0,0.0,300.0,0.613201942168166,0.8865940078933905,1,16
-1,1,63832.1954904657,1.0,1378.3159149615672,0.0432680308540221,-2.520338301055187,-2.476842480094704,0.0437269041961299,-2.476842480094704,-2.273982414359176,-2.273982414359176,0.0397153259897023,0.0,0.0,0.0,0.0,0.0,0.0,0.0,0.0,1.0,119.54354618936112,0.6105615537345328,0.886493791553236,1,16
-1,1,63832.3621571323,0.1666666665987577,4.367911258124533,0.0438141027671142,0.0005460719130921,0.0,0.0437269041961299,0.0,-0.0055368220471367,-0.0332209322963567,0.0397153259897023,0.0,0.0,0.0,0.0,0.0,0.0,0.0,0.0,1.0,120.9777985788956,0.6484492429876263,0.8863937550414838,1,16
-1,1,63837.028823799,4.666666666700621,187.3633382936023,1.0162723350670702,0.972458232299956,0.2122959700910082,1.03444143129471,0.9907145270985802,-2.3221713904793724,-0.497608155099102,0.0397153259897023,0.0,0.0,0.0,0.0,0.0,0.0,0.0,0.0,0.0,300.0,0.6787593943901011,0.8862700420203321,1,16
-1,1,63837.3621571323,0.3333333332993788,198.340886305186,2.13688659707143,1.12061426200436,3.201830037012475,2.101718110190152,1.067276678895442,1.69250101678412,5.077503050869572,0.0397153259897023,0.0,0.0,0.0,0.0,0.0,0.0,0.0,0.0,0.0,300.0,0.6630075155120809,0.8861664805426707,1,16
-1,1,63841.1954904656,3.833333333299379,1130.567057233744,1.7257040062050717,-0.4111825908663586,-0.0944030357635761,1.7398398064329823,-0.3618783037571698,1.4999677298924112,0.3912959295406167,0.0397153259897023,0.0,0.0,0.0,0.0,0.0,0.0,0.0,0.0,0.0,300.0,0.6504060124096648,0.8860334045492186,1,16
-1,1,63842.6954904656,1.5,1175.1126577319544,1.4408105177373818,-0.2848934884676897,-0.2051054991688798,1.4321815576796626,-0.3076582487533197,2.9541952355732377,1.9694634903821584,0.0397153259897023,0.0,0.0,0.0,0.0,0.0,0.0,0.0,0.0,0.0,300.0,0.6403248099277319,0.8859225984703357,1,16
-1,1,63843.028823799,0.3333333334012422,7.489938779265914,1.4746994169362002,0.0338888991988184,0.0,1.4321815576796626,0.0,0.0015821955400077,0.0047465866190561,0.0397153259897023,0.0,0.0,0.0,0.0,0.0,0.0,0.0,0.0,0.0,300.0,0.6722598479421855,0.8858201406379737,1,16
-1,1,63846.3621571323,3.333333333299379,353.62779662539515,2.382614480636662,0.9079150637004616,0.2789469776175995,2.362004816395523,0.9298232587158604,1.1364585295629954,0.3409375588723715,0.0397153259897023,0.0,0.0,0.0,0.0,0.0,0.0,0.0,0.0,0.0,300.0,0.6578078783537484,0.8856804303966301,1,16
